-- phpMyAdmin SQL Dump
-- version 5.1.0
-- https://www.phpmyadmin.net/
--
-- Host: localhost:8889
-- Generation Time: Feb 28, 2022 at 11:59 PM
-- Server version: 5.7.34
-- PHP Version: 7.4.21

SET SQL_MODE = "NO_AUTO_VALUE_ON_ZERO";
START TRANSACTION;
SET time_zone = "+00:00";


/*!40101 SET @OLD_CHARACTER_SET_CLIENT=@@CHARACTER_SET_CLIENT */;
/*!40101 SET @OLD_CHARACTER_SET_RESULTS=@@CHARACTER_SET_RESULTS */;
/*!40101 SET @OLD_COLLATION_CONNECTION=@@COLLATION_CONNECTION */;
/*!40101 SET NAMES utf8mb4 */;

--
-- Database: `php2_task08`
--

-- --------------------------------------------------------

--
-- Table structure for table `cart`
--

CREATE TABLE `cart` (
  `id` int(10) NOT NULL,
  `good_id` int(10) DEFAULT NULL,
  `qty` int(10) DEFAULT NULL,
  `order_id` int(10) DEFAULT NULL
) ENGINE=InnoDB DEFAULT CHARSET=utf8;

--
-- Dumping data for table `cart`
--

INSERT INTO `cart` (`id`, `good_id`, `qty`, `order_id`) VALUES
(31, 1, 3, 11),
(32, 3, 5, 11),
(37, 1, 3, 12),
(38, 5, 3, 11),
(39, 6, 3, 11),
(41, 5, 2, 12),
(42, 3, 2, 12),
(43, 6, 3, 13),
(44, 4, 1, 13),
(45, 2, 2, 13),
(46, 18, 3, 14),
(47, 17, 1, 14),
(48, 1, 2, 15),
(49, 4, 1, 15),
(50, 2, 2, 15),
(51, 8, 2, 16),
(52, 13, 1, 16),
(53, 7, 1, 16),
(54, 11, 1, 16),
(55, 8, 2, 17),
(56, 13, 2, 17),
(57, 12, 3, 17),
(58, 1, 4, 18),
(59, 5, 1, 18),
(60, 18, 2, 19),
(61, 17, 5, 19),
(62, 2, 1, 20),
(63, 3, 1, 20),
(64, 2, 2, 21),
(65, 3, 1, 21),
(66, 1, 3, 22),
(67, 2, 1, 22),
(68, 1, 2, 23),
(69, 3, 1, 23),
(70, 2, 1, 24),
(71, 3, 3, 24),
(72, 1, 1, 25),
(73, 2, 1, 25),
(74, 3, 1, 25);

-- --------------------------------------------------------

--
-- Table structure for table `goods`
--

CREATE TABLE `goods` (
  `id` int(10) NOT NULL,
  `title` varchar(50) COLLATE utf8mb4_unicode_ci DEFAULT NULL,
  `img` varchar(30) COLLATE utf8mb4_unicode_ci DEFAULT NULL,
  `price` float DEFAULT NULL,
  `short_desc` text COLLATE utf8mb4_unicode_ci,
  `long_desc` text COLLATE utf8mb4_unicode_ci
) ENGINE=InnoDB DEFAULT CHARSET=utf8mb4 COLLATE=utf8mb4_unicode_ci;

--
-- Dumping data for table `goods`
--

INSERT INTO `goods` (`id`, `title`, `img`, `price`, `short_desc`, `long_desc`) VALUES
(1, 'ELLERY X MO CAPSULE01', 'card1_img.png', 57.18, 'Known for her sculptural takes on traditional tailoring, Australian arbiter of cool Kym Ellery teams up with Moda Operandi.', 'Known for her sculptural takes on traditional tailoring, Australian arbiter of cool Kym Ellery teams up with Moda Operandi. Known for her sculptural takes on traditional tailoring, Australian arbiter of cool Kym Ellery teams up with Moda Operandi. Known for her sculptural takes on traditional tailoring, Australian arbiter of cool Kym Ellery teams up with Moda Operandi. Known for her sculptural takes on traditional tailoring, Australian arbiter of cool Kym Ellery teams up with Moda Operandi. Known for her sculptural takes on traditional tailoring, Australian arbiter of cool Kym Ellery teams up with Moda Operandi.'),
(2, 'ELLERY X M\'O CAPSULE02', 'card7_img.png', 78.12, 'Known for her sculptural takes on traditional tailoring, Australian arbiter of cool Kym Ellery teams up with Moda Operandi.', 'Known for her sculptural takes on traditional tailoring, Australian arbiter of cool Kym Ellery teams up with Moda Operandi. Known for her sculptural takes on traditional tailoring, Australian arbiter of cool Kym Ellery teams up with Moda Operandi. Known for her sculptural takes on traditional tailoring, Australian arbiter of cool Kym Ellery teams up with Moda Operandi. Known for her sculptural takes on traditional tailoring, Australian arbiter of cool Kym Ellery teams up with Moda Operandi. Known for her sculptural takes on traditional tailoring, Australian arbiter of cool Kym Ellery teams up with Moda Operandi.'),
(3, 'ELLERY X M\'O CAPSULE03', 'card3_img.png', 78.37, 'Known for her sculptural takes on traditional tailoring, Australian arbiter of cool Kym Ellery teams up with Moda Operandi.', 'Known for her sculptural takes on traditional tailoring, Australian arbiter of cool Kym Ellery teams up with Moda Operandi. Known for her sculptural takes on traditional tailoring, Australian arbiter of cool Kym Ellery teams up with Moda Operandi. Known for her sculptural takes on traditional tailoring, Australian arbiter of cool Kym Ellery teams up with Moda Operandi. Known for her sculptural takes on traditional tailoring, Australian arbiter of cool Kym Ellery teams up with Moda Operandi. Known for her sculptural takes on traditional tailoring, Australian arbiter of cool Kym Ellery teams up with Moda Operandi.'),
(4, 'ELLERY X M\'O CAPSULE04', 'card4_img.png', 38.32, 'Known for her sculptural takes on traditional tailoring, Australian arbiter of cool Kym Ellery teams up with Moda Operandi.', 'Known for her sculptural takes on traditional tailoring, Australian arbiter of cool Kym Ellery teams up with Moda Operandi. Known for her sculptural takes on traditional tailoring, Australian arbiter of cool Kym Ellery teams up with Moda Operandi. Known for her sculptural takes on traditional tailoring, Australian arbiter of cool Kym Ellery teams up with Moda Operandi. Known for her sculptural takes on traditional tailoring, Australian arbiter of cool Kym Ellery teams up with Moda Operandi. Known for her sculptural takes on traditional tailoring, Australian arbiter of cool Kym Ellery teams up with Moda Operandi.'),
(5, 'ELLERY X M\'O CAPSULE05', 'card8_img.png', 90.15, 'Known for her sculptural takes on traditional tailoring, Australian arbiter of cool Kym Ellery teams up with Moda Operandi.', 'Known for her sculptural takes on traditional tailoring, Australian arbiter of cool Kym Ellery teams up with Moda Operandi. Known for her sculptural takes on traditional tailoring, Australian arbiter of cool Kym Ellery teams up with Moda Operandi. Known for her sculptural takes on traditional tailoring, Australian arbiter of cool Kym Ellery teams up with Moda Operandi. Known for her sculptural takes on traditional tailoring, Australian arbiter of cool Kym Ellery teams up with Moda Operandi. Known for her sculptural takes on traditional tailoring, Australian arbiter of cool Kym Ellery teams up with Moda Operandi.'),
(6, 'ELLERY X MO CAPSULE06', 'card9_img.png', 37.87, 'Known for her sculptural takes on traditional tailoring, Australian arbiter of cool Kym Ellery teams up with Moda Operandi.', 'Known for her sculptural takes on traditional tailoring, Australian arbiter of cool Kym Ellery teams up with Moda Operandi. Known for her sculptural takes on traditional tailoring, Australian arbiter of cool Kym Ellery teams up with Moda Operandi. Known for her sculptural takes on traditional tailoring, Australian arbiter of cool Kym Ellery teams up with Moda Operandi. Known for her sculptural takes on traditional tailoring, Australian arbiter of cool Kym Ellery teams up with Moda Operandi. Known for her sculptural takes on traditional tailoring, Australian arbiter of cool Kym Ellery teams up with Moda Operandi.'),
(7, 'ELLERY X M\'O CAPSULE07', 'card10_img.png', 45.98, 'Known for her sculptural takes on traditional tailoring, Australian arbiter of cool Kym Ellery teams up with Moda Operandi.', 'Known for her sculptural takes on traditional tailoring, Australian arbiter of cool Kym Ellery teams up with Moda Operandi. Known for her sculptural takes on traditional tailoring, Australian arbiter of cool Kym Ellery teams up with Moda Operandi. Known for her sculptural takes on traditional tailoring, Australian arbiter of cool Kym Ellery teams up with Moda Operandi. Known for her sculptural takes on traditional tailoring, Australian arbiter of cool Kym Ellery teams up with Moda Operandi. Known for her sculptural takes on traditional tailoring, Australian arbiter of cool Kym Ellery teams up with Moda Operandi.'),
(8, 'ELLERY X M\'O CAPSULE08', 'card11_img.png', 78.65, 'Known for her sculptural takes on traditional tailoring, Australian arbiter of cool Kym Ellery teams up with Moda Operandi.', 'Known for her sculptural takes on traditional tailoring, Australian arbiter of cool Kym Ellery teams up with Moda Operandi. Known for her sculptural takes on traditional tailoring, Australian arbiter of cool Kym Ellery teams up with Moda Operandi. Known for her sculptural takes on traditional tailoring, Australian arbiter of cool Kym Ellery teams up with Moda Operandi. Known for her sculptural takes on traditional tailoring, Australian arbiter of cool Kym Ellery teams up with Moda Operandi. Known for her sculptural takes on traditional tailoring, Australian arbiter of cool Kym Ellery teams up with Moda Operandi.'),
(10, 'ELLERY X MO CAPSULE12', 'card2_img.png', 52.17, 'Known for her sculptural takes on traditional tailoring, Australian arbiter of cool Kym Ellery teams up with Moda Operandi.', 'Known for her sculptural takes on traditional tailoring, Australian arbiter of cool Kym Ellery teams up with Moda Operandi. Known for her sculptural takes on traditional tailoring, Australian arbiter of cool Kym Ellery teams up with Moda Operandi. Known for her sculptural takes on traditional tailoring, Australian arbiter of cool Kym Ellery teams up with Moda Operandi. Known for her sculptural takes on traditional tailoring, Australian arbiter of cool Kym Ellery teams up with Moda Operandi. Known for her sculptural takes on traditional tailoring, Australian arbiter of cool Kym Ellery teams up with Moda Operandi.'),
(11, 'ELLERY X MO CAPSULE01', 'card1_img.png', 57.18, 'Known for her sculptural takes on traditional tailoring, Australian arbiter of cool Kym Ellery teams up with Moda Operandi.', 'Known for her sculptural takes on traditional tailoring, Australian arbiter of cool Kym Ellery teams up with Moda Operandi. Known for her sculptural takes on traditional tailoring, Australian arbiter of cool Kym Ellery teams up with Moda Operandi. Known for her sculptural takes on traditional tailoring, Australian arbiter of cool Kym Ellery teams up with Moda Operandi. Known for her sculptural takes on traditional tailoring, Australian arbiter of cool Kym Ellery teams up with Moda Operandi. Known for her sculptural takes on traditional tailoring, Australian arbiter of cool Kym Ellery teams up with Moda Operandi.'),
(12, 'ELLERY X M\'O CAPSULE02', 'card7_img.png', 78.12, 'Known for her sculptural takes on traditional tailoring, Australian arbiter of cool Kym Ellery teams up with Moda Operandi.', 'Known for her sculptural takes on traditional tailoring, Australian arbiter of cool Kym Ellery teams up with Moda Operandi. Known for her sculptural takes on traditional tailoring, Australian arbiter of cool Kym Ellery teams up with Moda Operandi. Known for her sculptural takes on traditional tailoring, Australian arbiter of cool Kym Ellery teams up with Moda Operandi. Known for her sculptural takes on traditional tailoring, Australian arbiter of cool Kym Ellery teams up with Moda Operandi. Known for her sculptural takes on traditional tailoring, Australian arbiter of cool Kym Ellery teams up with Moda Operandi.'),
(13, 'ELLERY X M\'O CAPSULE03', 'card3_img.png', 78.37, 'Known for her sculptural takes on traditional tailoring, Australian arbiter of cool Kym Ellery teams up with Moda Operandi.', 'Known for her sculptural takes on traditional tailoring, Australian arbiter of cool Kym Ellery teams up with Moda Operandi. Known for her sculptural takes on traditional tailoring, Australian arbiter of cool Kym Ellery teams up with Moda Operandi. Known for her sculptural takes on traditional tailoring, Australian arbiter of cool Kym Ellery teams up with Moda Operandi. Known for her sculptural takes on traditional tailoring, Australian arbiter of cool Kym Ellery teams up with Moda Operandi. Known for her sculptural takes on traditional tailoring, Australian arbiter of cool Kym Ellery teams up with Moda Operandi.'),
(14, 'ELLERY X M\'O CAPSULE04', 'card4_img.png', 38.32, 'Known for her sculptural takes on traditional tailoring, Australian arbiter of cool Kym Ellery teams up with Moda Operandi.', 'Known for her sculptural takes on traditional tailoring, Australian arbiter of cool Kym Ellery teams up with Moda Operandi. Known for her sculptural takes on traditional tailoring, Australian arbiter of cool Kym Ellery teams up with Moda Operandi. Known for her sculptural takes on traditional tailoring, Australian arbiter of cool Kym Ellery teams up with Moda Operandi. Known for her sculptural takes on traditional tailoring, Australian arbiter of cool Kym Ellery teams up with Moda Operandi. Known for her sculptural takes on traditional tailoring, Australian arbiter of cool Kym Ellery teams up with Moda Operandi.'),
(15, 'ELLERY X M\'O CAPSULE05', 'card8_img.png', 90.15, 'Known for her sculptural takes on traditional tailoring, Australian arbiter of cool Kym Ellery teams up with Moda Operandi.', 'Known for her sculptural takes on traditional tailoring, Australian arbiter of cool Kym Ellery teams up with Moda Operandi. Known for her sculptural takes on traditional tailoring, Australian arbiter of cool Kym Ellery teams up with Moda Operandi. Known for her sculptural takes on traditional tailoring, Australian arbiter of cool Kym Ellery teams up with Moda Operandi. Known for her sculptural takes on traditional tailoring, Australian arbiter of cool Kym Ellery teams up with Moda Operandi. Known for her sculptural takes on traditional tailoring, Australian arbiter of cool Kym Ellery teams up with Moda Operandi.'),
(16, 'ELLERY X MO CAPSULE06', 'card9_img.png', 37.87, 'Known for her sculptural takes on traditional tailoring, Australian arbiter of cool Kym Ellery teams up with Moda Operandi.', 'Known for her sculptural takes on traditional tailoring, Australian arbiter of cool Kym Ellery teams up with Moda Operandi. Known for her sculptural takes on traditional tailoring, Australian arbiter of cool Kym Ellery teams up with Moda Operandi. Known for her sculptural takes on traditional tailoring, Australian arbiter of cool Kym Ellery teams up with Moda Operandi. Known for her sculptural takes on traditional tailoring, Australian arbiter of cool Kym Ellery teams up with Moda Operandi. Known for her sculptural takes on traditional tailoring, Australian arbiter of cool Kym Ellery teams up with Moda Operandi.'),
(17, 'ELLERY X M\'O CAPSULE07', 'card10_img.png', 45.98, 'Known for her sculptural takes on traditional tailoring, Australian arbiter of cool Kym Ellery teams up with Moda Operandi.', 'Known for her sculptural takes on traditional tailoring, Australian arbiter of cool Kym Ellery teams up with Moda Operandi. Known for her sculptural takes on traditional tailoring, Australian arbiter of cool Kym Ellery teams up with Moda Operandi. Known for her sculptural takes on traditional tailoring, Australian arbiter of cool Kym Ellery teams up with Moda Operandi. Known for her sculptural takes on traditional tailoring, Australian arbiter of cool Kym Ellery teams up with Moda Operandi. Known for her sculptural takes on traditional tailoring, Australian arbiter of cool Kym Ellery teams up with Moda Operandi.'),
(18, 'ELLERY X M\'O CAPSULE08', 'card11_img.png', 78.65, 'Known for her sculptural takes on traditional tailoring, Australian arbiter of cool Kym Ellery teams up with Moda Operandi.', 'Known for her sculptural takes on traditional tailoring, Australian arbiter of cool Kym Ellery teams up with Moda Operandi. Known for her sculptural takes on traditional tailoring, Australian arbiter of cool Kym Ellery teams up with Moda Operandi. Known for her sculptural takes on traditional tailoring, Australian arbiter of cool Kym Ellery teams up with Moda Operandi. Known for her sculptural takes on traditional tailoring, Australian arbiter of cool Kym Ellery teams up with Moda Operandi. Known for her sculptural takes on traditional tailoring, Australian arbiter of cool Kym Ellery teams up with Moda Operandi.'),
(19, 'ELLERY X MO CAPSULE12', 'card2_img.png', 52.17, 'Known for her sculptural takes on traditional tailoring, Australian arbiter of cool Kym Ellery teams up with Moda Operandi.', 'Known for her sculptural takes on traditional tailoring, Australian arbiter of cool Kym Ellery teams up with Moda Operandi. Known for her sculptural takes on traditional tailoring, Australian arbiter of cool Kym Ellery teams up with Moda Operandi. Known for her sculptural takes on traditional tailoring, Australian arbiter of cool Kym Ellery teams up with Moda Operandi. Known for her sculptural takes on traditional tailoring, Australian arbiter of cool Kym Ellery teams up with Moda Operandi. Known for her sculptural takes on traditional tailoring, Australian arbiter of cool Kym Ellery teams up with Moda Operandi.'),
(20, 'ELLERY X MO CAPSULE01', 'card1_img.png', 57.18, 'Known for her sculptural takes on traditional tailoring, Australian arbiter of cool Kym Ellery teams up with Moda Operandi.', 'Known for her sculptural takes on traditional tailoring, Australian arbiter of cool Kym Ellery teams up with Moda Operandi. Known for her sculptural takes on traditional tailoring, Australian arbiter of cool Kym Ellery teams up with Moda Operandi. Known for her sculptural takes on traditional tailoring, Australian arbiter of cool Kym Ellery teams up with Moda Operandi. Known for her sculptural takes on traditional tailoring, Australian arbiter of cool Kym Ellery teams up with Moda Operandi. Known for her sculptural takes on traditional tailoring, Australian arbiter of cool Kym Ellery teams up with Moda Operandi.'),
(21, 'ELLERY X M\'O CAPSULE02', 'card7_img.png', 78.12, 'Known for her sculptural takes on traditional tailoring, Australian arbiter of cool Kym Ellery teams up with Moda Operandi.', 'Known for her sculptural takes on traditional tailoring, Australian arbiter of cool Kym Ellery teams up with Moda Operandi. Known for her sculptural takes on traditional tailoring, Australian arbiter of cool Kym Ellery teams up with Moda Operandi. Known for her sculptural takes on traditional tailoring, Australian arbiter of cool Kym Ellery teams up with Moda Operandi. Known for her sculptural takes on traditional tailoring, Australian arbiter of cool Kym Ellery teams up with Moda Operandi. Known for her sculptural takes on traditional tailoring, Australian arbiter of cool Kym Ellery teams up with Moda Operandi.'),
(22, 'ELLERY X M\'O CAPSULE03', 'card3_img.png', 78.37, 'Known for her sculptural takes on traditional tailoring, Australian arbiter of cool Kym Ellery teams up with Moda Operandi.', 'Known for her sculptural takes on traditional tailoring, Australian arbiter of cool Kym Ellery teams up with Moda Operandi. Known for her sculptural takes on traditional tailoring, Australian arbiter of cool Kym Ellery teams up with Moda Operandi. Known for her sculptural takes on traditional tailoring, Australian arbiter of cool Kym Ellery teams up with Moda Operandi. Known for her sculptural takes on traditional tailoring, Australian arbiter of cool Kym Ellery teams up with Moda Operandi. Known for her sculptural takes on traditional tailoring, Australian arbiter of cool Kym Ellery teams up with Moda Operandi.'),
(23, 'ELLERY X M\'O CAPSULE04', 'card4_img.png', 38.32, 'Known for her sculptural takes on traditional tailoring, Australian arbiter of cool Kym Ellery teams up with Moda Operandi.', 'Known for her sculptural takes on traditional tailoring, Australian arbiter of cool Kym Ellery teams up with Moda Operandi. Known for her sculptural takes on traditional tailoring, Australian arbiter of cool Kym Ellery teams up with Moda Operandi. Known for her sculptural takes on traditional tailoring, Australian arbiter of cool Kym Ellery teams up with Moda Operandi. Known for her sculptural takes on traditional tailoring, Australian arbiter of cool Kym Ellery teams up with Moda Operandi. Known for her sculptural takes on traditional tailoring, Australian arbiter of cool Kym Ellery teams up with Moda Operandi.'),
(24, 'ELLERY X M\'O CAPSULE05', 'card8_img.png', 90.15, 'Known for her sculptural takes on traditional tailoring, Australian arbiter of cool Kym Ellery teams up with Moda Operandi.', 'Known for her sculptural takes on traditional tailoring, Australian arbiter of cool Kym Ellery teams up with Moda Operandi. Known for her sculptural takes on traditional tailoring, Australian arbiter of cool Kym Ellery teams up with Moda Operandi. Known for her sculptural takes on traditional tailoring, Australian arbiter of cool Kym Ellery teams up with Moda Operandi. Known for her sculptural takes on traditional tailoring, Australian arbiter of cool Kym Ellery teams up with Moda Operandi. Known for her sculptural takes on traditional tailoring, Australian arbiter of cool Kym Ellery teams up with Moda Operandi.'),
(25, 'ELLERY X MO CAPSULE06', 'card9_img.png', 37.87, 'Known for her sculptural takes on traditional tailoring, Australian arbiter of cool Kym Ellery teams up with Moda Operandi.', 'Known for her sculptural takes on traditional tailoring, Australian arbiter of cool Kym Ellery teams up with Moda Operandi. Known for her sculptural takes on traditional tailoring, Australian arbiter of cool Kym Ellery teams up with Moda Operandi. Known for her sculptural takes on traditional tailoring, Australian arbiter of cool Kym Ellery teams up with Moda Operandi. Known for her sculptural takes on traditional tailoring, Australian arbiter of cool Kym Ellery teams up with Moda Operandi. Known for her sculptural takes on traditional tailoring, Australian arbiter of cool Kym Ellery teams up with Moda Operandi.'),
(26, 'ELLERY X M\'O CAPSULE07', 'card10_img.png', 45.98, 'Known for her sculptural takes on traditional tailoring, Australian arbiter of cool Kym Ellery teams up with Moda Operandi.', 'Known for her sculptural takes on traditional tailoring, Australian arbiter of cool Kym Ellery teams up with Moda Operandi. Known for her sculptural takes on traditional tailoring, Australian arbiter of cool Kym Ellery teams up with Moda Operandi. Known for her sculptural takes on traditional tailoring, Australian arbiter of cool Kym Ellery teams up with Moda Operandi. Known for her sculptural takes on traditional tailoring, Australian arbiter of cool Kym Ellery teams up with Moda Operandi. Known for her sculptural takes on traditional tailoring, Australian arbiter of cool Kym Ellery teams up with Moda Operandi.'),
(27, 'ELLERY X M\'O CAPSULE08', 'card11_img.png', 78.65, 'Known for her sculptural takes on traditional tailoring, Australian arbiter of cool Kym Ellery teams up with Moda Operandi.', 'Known for her sculptural takes on traditional tailoring, Australian arbiter of cool Kym Ellery teams up with Moda Operandi. Known for her sculptural takes on traditional tailoring, Australian arbiter of cool Kym Ellery teams up with Moda Operandi. Known for her sculptural takes on traditional tailoring, Australian arbiter of cool Kym Ellery teams up with Moda Operandi. Known for her sculptural takes on traditional tailoring, Australian arbiter of cool Kym Ellery teams up with Moda Operandi. Known for her sculptural takes on traditional tailoring, Australian arbiter of cool Kym Ellery teams up with Moda Operandi.'),
(28, 'ELLERY X MO CAPSULE12', 'card2_img.png', 52.17, 'Known for her sculptural takes on traditional tailoring, Australian arbiter of cool Kym Ellery teams up with Moda Operandi.', 'Known for her sculptural takes on traditional tailoring, Australian arbiter of cool Kym Ellery teams up with Moda Operandi. Known for her sculptural takes on traditional tailoring, Australian arbiter of cool Kym Ellery teams up with Moda Operandi. Known for her sculptural takes on traditional tailoring, Australian arbiter of cool Kym Ellery teams up with Moda Operandi. Known for her sculptural takes on traditional tailoring, Australian arbiter of cool Kym Ellery teams up with Moda Operandi. Known for her sculptural takes on traditional tailoring, Australian arbiter of cool Kym Ellery teams up with Moda Operandi.'),
(29, 'ELLERY X MO CAPSULE01', 'card1_img.png', 57.18, 'Known for her sculptural takes on traditional tailoring, Australian arbiter of cool Kym Ellery teams up with Moda Operandi.', 'Known for her sculptural takes on traditional tailoring, Australian arbiter of cool Kym Ellery teams up with Moda Operandi. Known for her sculptural takes on traditional tailoring, Australian arbiter of cool Kym Ellery teams up with Moda Operandi. Known for her sculptural takes on traditional tailoring, Australian arbiter of cool Kym Ellery teams up with Moda Operandi. Known for her sculptural takes on traditional tailoring, Australian arbiter of cool Kym Ellery teams up with Moda Operandi. Known for her sculptural takes on traditional tailoring, Australian arbiter of cool Kym Ellery teams up with Moda Operandi.'),
(30, 'ELLERY X M\'O CAPSULE02', 'card7_img.png', 78.12, 'Known for her sculptural takes on traditional tailoring, Australian arbiter of cool Kym Ellery teams up with Moda Operandi.', 'Known for her sculptural takes on traditional tailoring, Australian arbiter of cool Kym Ellery teams up with Moda Operandi. Known for her sculptural takes on traditional tailoring, Australian arbiter of cool Kym Ellery teams up with Moda Operandi. Known for her sculptural takes on traditional tailoring, Australian arbiter of cool Kym Ellery teams up with Moda Operandi. Known for her sculptural takes on traditional tailoring, Australian arbiter of cool Kym Ellery teams up with Moda Operandi. Known for her sculptural takes on traditional tailoring, Australian arbiter of cool Kym Ellery teams up with Moda Operandi.'),
(31, 'ELLERY X M\'O CAPSULE03', 'card3_img.png', 78.37, 'Known for her sculptural takes on traditional tailoring, Australian arbiter of cool Kym Ellery teams up with Moda Operandi.', 'Known for her sculptural takes on traditional tailoring, Australian arbiter of cool Kym Ellery teams up with Moda Operandi. Known for her sculptural takes on traditional tailoring, Australian arbiter of cool Kym Ellery teams up with Moda Operandi. Known for her sculptural takes on traditional tailoring, Australian arbiter of cool Kym Ellery teams up with Moda Operandi. Known for her sculptural takes on traditional tailoring, Australian arbiter of cool Kym Ellery teams up with Moda Operandi. Known for her sculptural takes on traditional tailoring, Australian arbiter of cool Kym Ellery teams up with Moda Operandi.'),
(32, 'ELLERY X M\'O CAPSULE04', 'card4_img.png', 38.32, 'Known for her sculptural takes on traditional tailoring, Australian arbiter of cool Kym Ellery teams up with Moda Operandi.', 'Known for her sculptural takes on traditional tailoring, Australian arbiter of cool Kym Ellery teams up with Moda Operandi. Known for her sculptural takes on traditional tailoring, Australian arbiter of cool Kym Ellery teams up with Moda Operandi. Known for her sculptural takes on traditional tailoring, Australian arbiter of cool Kym Ellery teams up with Moda Operandi. Known for her sculptural takes on traditional tailoring, Australian arbiter of cool Kym Ellery teams up with Moda Operandi. Known for her sculptural takes on traditional tailoring, Australian arbiter of cool Kym Ellery teams up with Moda Operandi.'),
(33, 'ELLERY X M\'O CAPSULE05', 'card8_img.png', 90.15, 'Known for her sculptural takes on traditional tailoring, Australian arbiter of cool Kym Ellery teams up with Moda Operandi.', 'Known for her sculptural takes on traditional tailoring, Australian arbiter of cool Kym Ellery teams up with Moda Operandi. Known for her sculptural takes on traditional tailoring, Australian arbiter of cool Kym Ellery teams up with Moda Operandi. Known for her sculptural takes on traditional tailoring, Australian arbiter of cool Kym Ellery teams up with Moda Operandi. Known for her sculptural takes on traditional tailoring, Australian arbiter of cool Kym Ellery teams up with Moda Operandi. Known for her sculptural takes on traditional tailoring, Australian arbiter of cool Kym Ellery teams up with Moda Operandi.'),
(34, 'ELLERY X MO CAPSULE06', 'card9_img.png', 37.87, 'Known for her sculptural takes on traditional tailoring, Australian arbiter of cool Kym Ellery teams up with Moda Operandi.', 'Known for her sculptural takes on traditional tailoring, Australian arbiter of cool Kym Ellery teams up with Moda Operandi. Known for her sculptural takes on traditional tailoring, Australian arbiter of cool Kym Ellery teams up with Moda Operandi. Known for her sculptural takes on traditional tailoring, Australian arbiter of cool Kym Ellery teams up with Moda Operandi. Known for her sculptural takes on traditional tailoring, Australian arbiter of cool Kym Ellery teams up with Moda Operandi. Known for her sculptural takes on traditional tailoring, Australian arbiter of cool Kym Ellery teams up with Moda Operandi.'),
(35, 'ELLERY X M\'O CAPSULE07', 'card10_img.png', 45.98, 'Known for her sculptural takes on traditional tailoring, Australian arbiter of cool Kym Ellery teams up with Moda Operandi.', 'Known for her sculptural takes on traditional tailoring, Australian arbiter of cool Kym Ellery teams up with Moda Operandi. Known for her sculptural takes on traditional tailoring, Australian arbiter of cool Kym Ellery teams up with Moda Operandi. Known for her sculptural takes on traditional tailoring, Australian arbiter of cool Kym Ellery teams up with Moda Operandi. Known for her sculptural takes on traditional tailoring, Australian arbiter of cool Kym Ellery teams up with Moda Operandi. Known for her sculptural takes on traditional tailoring, Australian arbiter of cool Kym Ellery teams up with Moda Operandi.'),
(36, 'ELLERY X M\'O CAPSULE08', 'card11_img.png', 78.65, 'Known for her sculptural takes on traditional tailoring, Australian arbiter of cool Kym Ellery teams up with Moda Operandi.', 'Known for her sculptural takes on traditional tailoring, Australian arbiter of cool Kym Ellery teams up with Moda Operandi. Known for her sculptural takes on traditional tailoring, Australian arbiter of cool Kym Ellery teams up with Moda Operandi. Known for her sculptural takes on traditional tailoring, Australian arbiter of cool Kym Ellery teams up with Moda Operandi. Known for her sculptural takes on traditional tailoring, Australian arbiter of cool Kym Ellery teams up with Moda Operandi. Known for her sculptural takes on traditional tailoring, Australian arbiter of cool Kym Ellery teams up with Moda Operandi.'),
(37, 'ELLERY X MO CAPSULE12', 'card2_img.png', 52.17, 'Known for her sculptural takes on traditional tailoring, Australian arbiter of cool Kym Ellery teams up with Moda Operandi.', 'Known for her sculptural takes on traditional tailoring, Australian arbiter of cool Kym Ellery teams up with Moda Operandi. Known for her sculptural takes on traditional tailoring, Australian arbiter of cool Kym Ellery teams up with Moda Operandi. Known for her sculptural takes on traditional tailoring, Australian arbiter of cool Kym Ellery teams up with Moda Operandi. Known for her sculptural takes on traditional tailoring, Australian arbiter of cool Kym Ellery teams up with Moda Operandi. Known for her sculptural takes on traditional tailoring, Australian arbiter of cool Kym Ellery teams up with Moda Operandi.'),
(38, 'ELLERY X MO CAPSULE01', 'card1_img.png', 57.18, 'Known for her sculptural takes on traditional tailoring, Australian arbiter of cool Kym Ellery teams up with Moda Operandi.', 'Known for her sculptural takes on traditional tailoring, Australian arbiter of cool Kym Ellery teams up with Moda Operandi. Known for her sculptural takes on traditional tailoring, Australian arbiter of cool Kym Ellery teams up with Moda Operandi. Known for her sculptural takes on traditional tailoring, Australian arbiter of cool Kym Ellery teams up with Moda Operandi. Known for her sculptural takes on traditional tailoring, Australian arbiter of cool Kym Ellery teams up with Moda Operandi. Known for her sculptural takes on traditional tailoring, Australian arbiter of cool Kym Ellery teams up with Moda Operandi.'),
(39, 'ELLERY X M\'O CAPSULE02', 'card7_img.png', 78.12, 'Known for her sculptural takes on traditional tailoring, Australian arbiter of cool Kym Ellery teams up with Moda Operandi.', 'Known for her sculptural takes on traditional tailoring, Australian arbiter of cool Kym Ellery teams up with Moda Operandi. Known for her sculptural takes on traditional tailoring, Australian arbiter of cool Kym Ellery teams up with Moda Operandi. Known for her sculptural takes on traditional tailoring, Australian arbiter of cool Kym Ellery teams up with Moda Operandi. Known for her sculptural takes on traditional tailoring, Australian arbiter of cool Kym Ellery teams up with Moda Operandi. Known for her sculptural takes on traditional tailoring, Australian arbiter of cool Kym Ellery teams up with Moda Operandi.'),
(40, 'ELLERY X M\'O CAPSULE03', 'card3_img.png', 78.37, 'Known for her sculptural takes on traditional tailoring, Australian arbiter of cool Kym Ellery teams up with Moda Operandi.', 'Known for her sculptural takes on traditional tailoring, Australian arbiter of cool Kym Ellery teams up with Moda Operandi. Known for her sculptural takes on traditional tailoring, Australian arbiter of cool Kym Ellery teams up with Moda Operandi. Known for her sculptural takes on traditional tailoring, Australian arbiter of cool Kym Ellery teams up with Moda Operandi. Known for her sculptural takes on traditional tailoring, Australian arbiter of cool Kym Ellery teams up with Moda Operandi. Known for her sculptural takes on traditional tailoring, Australian arbiter of cool Kym Ellery teams up with Moda Operandi.'),
(41, 'ELLERY X M\'O CAPSULE04', 'card4_img.png', 38.32, 'Known for her sculptural takes on traditional tailoring, Australian arbiter of cool Kym Ellery teams up with Moda Operandi.', 'Known for her sculptural takes on traditional tailoring, Australian arbiter of cool Kym Ellery teams up with Moda Operandi. Known for her sculptural takes on traditional tailoring, Australian arbiter of cool Kym Ellery teams up with Moda Operandi. Known for her sculptural takes on traditional tailoring, Australian arbiter of cool Kym Ellery teams up with Moda Operandi. Known for her sculptural takes on traditional tailoring, Australian arbiter of cool Kym Ellery teams up with Moda Operandi. Known for her sculptural takes on traditional tailoring, Australian arbiter of cool Kym Ellery teams up with Moda Operandi.'),
(42, 'ELLERY X M\'O CAPSULE05', 'card8_img.png', 90.15, 'Known for her sculptural takes on traditional tailoring, Australian arbiter of cool Kym Ellery teams up with Moda Operandi.', 'Known for her sculptural takes on traditional tailoring, Australian arbiter of cool Kym Ellery teams up with Moda Operandi. Known for her sculptural takes on traditional tailoring, Australian arbiter of cool Kym Ellery teams up with Moda Operandi. Known for her sculptural takes on traditional tailoring, Australian arbiter of cool Kym Ellery teams up with Moda Operandi. Known for her sculptural takes on traditional tailoring, Australian arbiter of cool Kym Ellery teams up with Moda Operandi. Known for her sculptural takes on traditional tailoring, Australian arbiter of cool Kym Ellery teams up with Moda Operandi.'),
(43, 'ELLERY X MO CAPSULE06', 'card9_img.png', 37.87, 'Known for her sculptural takes on traditional tailoring, Australian arbiter of cool Kym Ellery teams up with Moda Operandi.', 'Known for her sculptural takes on traditional tailoring, Australian arbiter of cool Kym Ellery teams up with Moda Operandi. Known for her sculptural takes on traditional tailoring, Australian arbiter of cool Kym Ellery teams up with Moda Operandi. Known for her sculptural takes on traditional tailoring, Australian arbiter of cool Kym Ellery teams up with Moda Operandi. Known for her sculptural takes on traditional tailoring, Australian arbiter of cool Kym Ellery teams up with Moda Operandi. Known for her sculptural takes on traditional tailoring, Australian arbiter of cool Kym Ellery teams up with Moda Operandi.'),
(44, 'ELLERY X M\'O CAPSULE07', 'card10_img.png', 45.98, 'Known for her sculptural takes on traditional tailoring, Australian arbiter of cool Kym Ellery teams up with Moda Operandi.', 'Known for her sculptural takes on traditional tailoring, Australian arbiter of cool Kym Ellery teams up with Moda Operandi. Known for her sculptural takes on traditional tailoring, Australian arbiter of cool Kym Ellery teams up with Moda Operandi. Known for her sculptural takes on traditional tailoring, Australian arbiter of cool Kym Ellery teams up with Moda Operandi. Known for her sculptural takes on traditional tailoring, Australian arbiter of cool Kym Ellery teams up with Moda Operandi. Known for her sculptural takes on traditional tailoring, Australian arbiter of cool Kym Ellery teams up with Moda Operandi.'),
(45, 'ELLERY X M\'O CAPSULE08', 'card11_img.png', 78.65, 'Known for her sculptural takes on traditional tailoring, Australian arbiter of cool Kym Ellery teams up with Moda Operandi.', 'Known for her sculptural takes on traditional tailoring, Australian arbiter of cool Kym Ellery teams up with Moda Operandi. Known for her sculptural takes on traditional tailoring, Australian arbiter of cool Kym Ellery teams up with Moda Operandi. Known for her sculptural takes on traditional tailoring, Australian arbiter of cool Kym Ellery teams up with Moda Operandi. Known for her sculptural takes on traditional tailoring, Australian arbiter of cool Kym Ellery teams up with Moda Operandi. Known for her sculptural takes on traditional tailoring, Australian arbiter of cool Kym Ellery teams up with Moda Operandi.'),
(46, 'ELLERY X MO CAPSULE12', 'card2_img.png', 52.17, 'Known for her sculptural takes on traditional tailoring, Australian arbiter of cool Kym Ellery teams up with Moda Operandi.', 'Known for her sculptural takes on traditional tailoring, Australian arbiter of cool Kym Ellery teams up with Moda Operandi. Known for her sculptural takes on traditional tailoring, Australian arbiter of cool Kym Ellery teams up with Moda Operandi. Known for her sculptural takes on traditional tailoring, Australian arbiter of cool Kym Ellery teams up with Moda Operandi. Known for her sculptural takes on traditional tailoring, Australian arbiter of cool Kym Ellery teams up with Moda Operandi. Known for her sculptural takes on traditional tailoring, Australian arbiter of cool Kym Ellery teams up with Moda Operandi.'),
(47, 'ELLERY X MO CAPSULE01', 'card1_img.png', 57.18, 'Known for her sculptural takes on traditional tailoring, Australian arbiter of cool Kym Ellery teams up with Moda Operandi.', 'Known for her sculptural takes on traditional tailoring, Australian arbiter of cool Kym Ellery teams up with Moda Operandi. Known for her sculptural takes on traditional tailoring, Australian arbiter of cool Kym Ellery teams up with Moda Operandi. Known for her sculptural takes on traditional tailoring, Australian arbiter of cool Kym Ellery teams up with Moda Operandi. Known for her sculptural takes on traditional tailoring, Australian arbiter of cool Kym Ellery teams up with Moda Operandi. Known for her sculptural takes on traditional tailoring, Australian arbiter of cool Kym Ellery teams up with Moda Operandi.'),
(48, 'ELLERY X M\'O CAPSULE02', 'card7_img.png', 78.12, 'Known for her sculptural takes on traditional tailoring, Australian arbiter of cool Kym Ellery teams up with Moda Operandi.', 'Known for her sculptural takes on traditional tailoring, Australian arbiter of cool Kym Ellery teams up with Moda Operandi. Known for her sculptural takes on traditional tailoring, Australian arbiter of cool Kym Ellery teams up with Moda Operandi. Known for her sculptural takes on traditional tailoring, Australian arbiter of cool Kym Ellery teams up with Moda Operandi. Known for her sculptural takes on traditional tailoring, Australian arbiter of cool Kym Ellery teams up with Moda Operandi. Known for her sculptural takes on traditional tailoring, Australian arbiter of cool Kym Ellery teams up with Moda Operandi.'),
(49, 'ELLERY X M\'O CAPSULE03', 'card3_img.png', 78.37, 'Known for her sculptural takes on traditional tailoring, Australian arbiter of cool Kym Ellery teams up with Moda Operandi.', 'Known for her sculptural takes on traditional tailoring, Australian arbiter of cool Kym Ellery teams up with Moda Operandi. Known for her sculptural takes on traditional tailoring, Australian arbiter of cool Kym Ellery teams up with Moda Operandi. Known for her sculptural takes on traditional tailoring, Australian arbiter of cool Kym Ellery teams up with Moda Operandi. Known for her sculptural takes on traditional tailoring, Australian arbiter of cool Kym Ellery teams up with Moda Operandi. Known for her sculptural takes on traditional tailoring, Australian arbiter of cool Kym Ellery teams up with Moda Operandi.'),
(50, 'ELLERY X M\'O CAPSULE04', 'card4_img.png', 38.32, 'Known for her sculptural takes on traditional tailoring, Australian arbiter of cool Kym Ellery teams up with Moda Operandi.', 'Known for her sculptural takes on traditional tailoring, Australian arbiter of cool Kym Ellery teams up with Moda Operandi. Known for her sculptural takes on traditional tailoring, Australian arbiter of cool Kym Ellery teams up with Moda Operandi. Known for her sculptural takes on traditional tailoring, Australian arbiter of cool Kym Ellery teams up with Moda Operandi. Known for her sculptural takes on traditional tailoring, Australian arbiter of cool Kym Ellery teams up with Moda Operandi. Known for her sculptural takes on traditional tailoring, Australian arbiter of cool Kym Ellery teams up with Moda Operandi.'),
(51, 'ELLERY X M\'O CAPSULE05', 'card8_img.png', 90.15, 'Known for her sculptural takes on traditional tailoring, Australian arbiter of cool Kym Ellery teams up with Moda Operandi.', 'Known for her sculptural takes on traditional tailoring, Australian arbiter of cool Kym Ellery teams up with Moda Operandi. Known for her sculptural takes on traditional tailoring, Australian arbiter of cool Kym Ellery teams up with Moda Operandi. Known for her sculptural takes on traditional tailoring, Australian arbiter of cool Kym Ellery teams up with Moda Operandi. Known for her sculptural takes on traditional tailoring, Australian arbiter of cool Kym Ellery teams up with Moda Operandi. Known for her sculptural takes on traditional tailoring, Australian arbiter of cool Kym Ellery teams up with Moda Operandi.'),
(52, 'ELLERY X MO CAPSULE06', 'card9_img.png', 37.87, 'Known for her sculptural takes on traditional tailoring, Australian arbiter of cool Kym Ellery teams up with Moda Operandi.', 'Known for her sculptural takes on traditional tailoring, Australian arbiter of cool Kym Ellery teams up with Moda Operandi. Known for her sculptural takes on traditional tailoring, Australian arbiter of cool Kym Ellery teams up with Moda Operandi. Known for her sculptural takes on traditional tailoring, Australian arbiter of cool Kym Ellery teams up with Moda Operandi. Known for her sculptural takes on traditional tailoring, Australian arbiter of cool Kym Ellery teams up with Moda Operandi. Known for her sculptural takes on traditional tailoring, Australian arbiter of cool Kym Ellery teams up with Moda Operandi.'),
(53, 'ELLERY X M\'O CAPSULE07', 'card10_img.png', 45.98, 'Known for her sculptural takes on traditional tailoring, Australian arbiter of cool Kym Ellery teams up with Moda Operandi.', 'Known for her sculptural takes on traditional tailoring, Australian arbiter of cool Kym Ellery teams up with Moda Operandi. Known for her sculptural takes on traditional tailoring, Australian arbiter of cool Kym Ellery teams up with Moda Operandi. Known for her sculptural takes on traditional tailoring, Australian arbiter of cool Kym Ellery teams up with Moda Operandi. Known for her sculptural takes on traditional tailoring, Australian arbiter of cool Kym Ellery teams up with Moda Operandi. Known for her sculptural takes on traditional tailoring, Australian arbiter of cool Kym Ellery teams up with Moda Operandi.'),
(54, 'ELLERY X M\'O CAPSULE08', 'card11_img.png', 78.65, 'Known for her sculptural takes on traditional tailoring, Australian arbiter of cool Kym Ellery teams up with Moda Operandi.', 'Known for her sculptural takes on traditional tailoring, Australian arbiter of cool Kym Ellery teams up with Moda Operandi. Known for her sculptural takes on traditional tailoring, Australian arbiter of cool Kym Ellery teams up with Moda Operandi. Known for her sculptural takes on traditional tailoring, Australian arbiter of cool Kym Ellery teams up with Moda Operandi. Known for her sculptural takes on traditional tailoring, Australian arbiter of cool Kym Ellery teams up with Moda Operandi. Known for her sculptural takes on traditional tailoring, Australian arbiter of cool Kym Ellery teams up with Moda Operandi.'),
(55, 'ELLERY X MO CAPSULE12', 'card2_img.png', 52.17, 'Known for her sculptural takes on traditional tailoring, Australian arbiter of cool Kym Ellery teams up with Moda Operandi.', 'Known for her sculptural takes on traditional tailoring, Australian arbiter of cool Kym Ellery teams up with Moda Operandi. Known for her sculptural takes on traditional tailoring, Australian arbiter of cool Kym Ellery teams up with Moda Operandi. Known for her sculptural takes on traditional tailoring, Australian arbiter of cool Kym Ellery teams up with Moda Operandi. Known for her sculptural takes on traditional tailoring, Australian arbiter of cool Kym Ellery teams up with Moda Operandi. Known for her sculptural takes on traditional tailoring, Australian arbiter of cool Kym Ellery teams up with Moda Operandi.'),
(56, 'ELLERY X MO CAPSULE01', 'card1_img.png', 57.18, 'Known for her sculptural takes on traditional tailoring, Australian arbiter of cool Kym Ellery teams up with Moda Operandi.', 'Known for her sculptural takes on traditional tailoring, Australian arbiter of cool Kym Ellery teams up with Moda Operandi. Known for her sculptural takes on traditional tailoring, Australian arbiter of cool Kym Ellery teams up with Moda Operandi. Known for her sculptural takes on traditional tailoring, Australian arbiter of cool Kym Ellery teams up with Moda Operandi. Known for her sculptural takes on traditional tailoring, Australian arbiter of cool Kym Ellery teams up with Moda Operandi. Known for her sculptural takes on traditional tailoring, Australian arbiter of cool Kym Ellery teams up with Moda Operandi.'),
(57, 'ELLERY X M\'O CAPSULE02', 'card7_img.png', 78.12, 'Known for her sculptural takes on traditional tailoring, Australian arbiter of cool Kym Ellery teams up with Moda Operandi.', 'Known for her sculptural takes on traditional tailoring, Australian arbiter of cool Kym Ellery teams up with Moda Operandi. Known for her sculptural takes on traditional tailoring, Australian arbiter of cool Kym Ellery teams up with Moda Operandi. Known for her sculptural takes on traditional tailoring, Australian arbiter of cool Kym Ellery teams up with Moda Operandi. Known for her sculptural takes on traditional tailoring, Australian arbiter of cool Kym Ellery teams up with Moda Operandi. Known for her sculptural takes on traditional tailoring, Australian arbiter of cool Kym Ellery teams up with Moda Operandi.'),
(58, 'ELLERY X M\'O CAPSULE03', 'card3_img.png', 78.37, 'Known for her sculptural takes on traditional tailoring, Australian arbiter of cool Kym Ellery teams up with Moda Operandi.', 'Known for her sculptural takes on traditional tailoring, Australian arbiter of cool Kym Ellery teams up with Moda Operandi. Known for her sculptural takes on traditional tailoring, Australian arbiter of cool Kym Ellery teams up with Moda Operandi. Known for her sculptural takes on traditional tailoring, Australian arbiter of cool Kym Ellery teams up with Moda Operandi. Known for her sculptural takes on traditional tailoring, Australian arbiter of cool Kym Ellery teams up with Moda Operandi. Known for her sculptural takes on traditional tailoring, Australian arbiter of cool Kym Ellery teams up with Moda Operandi.'),
(59, 'ELLERY X M\'O CAPSULE04', 'card4_img.png', 38.32, 'Known for her sculptural takes on traditional tailoring, Australian arbiter of cool Kym Ellery teams up with Moda Operandi.', 'Known for her sculptural takes on traditional tailoring, Australian arbiter of cool Kym Ellery teams up with Moda Operandi. Known for her sculptural takes on traditional tailoring, Australian arbiter of cool Kym Ellery teams up with Moda Operandi. Known for her sculptural takes on traditional tailoring, Australian arbiter of cool Kym Ellery teams up with Moda Operandi. Known for her sculptural takes on traditional tailoring, Australian arbiter of cool Kym Ellery teams up with Moda Operandi. Known for her sculptural takes on traditional tailoring, Australian arbiter of cool Kym Ellery teams up with Moda Operandi.'),
(60, 'ELLERY X MO CAPSULE01', 'card1_img.png', 57.18, 'Known for her sculptural takes on traditional tailoring, Australian arbiter of cool Kym Ellery teams up with Moda Operandi.', 'Known for her sculptural takes on traditional tailoring, Australian arbiter of cool Kym Ellery teams up with Moda Operandi. Known for her sculptural takes on traditional tailoring, Australian arbiter of cool Kym Ellery teams up with Moda Operandi. Known for her sculptural takes on traditional tailoring, Australian arbiter of cool Kym Ellery teams up with Moda Operandi. Known for her sculptural takes on traditional tailoring, Australian arbiter of cool Kym Ellery teams up with Moda Operandi. Known for her sculptural takes on traditional tailoring, Australian arbiter of cool Kym Ellery teams up with Moda Operandi.'),
(61, 'ELLERY X M\'O CAPSULE02', 'card7_img.png', 78.12, 'Known for her sculptural takes on traditional tailoring, Australian arbiter of cool Kym Ellery teams up with Moda Operandi.', 'Known for her sculptural takes on traditional tailoring, Australian arbiter of cool Kym Ellery teams up with Moda Operandi. Known for her sculptural takes on traditional tailoring, Australian arbiter of cool Kym Ellery teams up with Moda Operandi. Known for her sculptural takes on traditional tailoring, Australian arbiter of cool Kym Ellery teams up with Moda Operandi. Known for her sculptural takes on traditional tailoring, Australian arbiter of cool Kym Ellery teams up with Moda Operandi. Known for her sculptural takes on traditional tailoring, Australian arbiter of cool Kym Ellery teams up with Moda Operandi.'),
(62, 'ELLERY X M\'O CAPSULE03', 'card3_img.png', 78.37, 'Known for her sculptural takes on traditional tailoring, Australian arbiter of cool Kym Ellery teams up with Moda Operandi.', 'Known for her sculptural takes on traditional tailoring, Australian arbiter of cool Kym Ellery teams up with Moda Operandi. Known for her sculptural takes on traditional tailoring, Australian arbiter of cool Kym Ellery teams up with Moda Operandi. Known for her sculptural takes on traditional tailoring, Australian arbiter of cool Kym Ellery teams up with Moda Operandi. Known for her sculptural takes on traditional tailoring, Australian arbiter of cool Kym Ellery teams up with Moda Operandi. Known for her sculptural takes on traditional tailoring, Australian arbiter of cool Kym Ellery teams up with Moda Operandi.'),
(63, 'ELLERY X M\'O CAPSULE04', 'card4_img.png', 38.32, 'Known for her sculptural takes on traditional tailoring, Australian arbiter of cool Kym Ellery teams up with Moda Operandi.', 'Known for her sculptural takes on traditional tailoring, Australian arbiter of cool Kym Ellery teams up with Moda Operandi. Known for her sculptural takes on traditional tailoring, Australian arbiter of cool Kym Ellery teams up with Moda Operandi. Known for her sculptural takes on traditional tailoring, Australian arbiter of cool Kym Ellery teams up with Moda Operandi. Known for her sculptural takes on traditional tailoring, Australian arbiter of cool Kym Ellery teams up with Moda Operandi. Known for her sculptural takes on traditional tailoring, Australian arbiter of cool Kym Ellery teams up with Moda Operandi.');
INSERT INTO `goods` (`id`, `title`, `img`, `price`, `short_desc`, `long_desc`) VALUES
(64, 'ELLERY X M\'O CAPSULE05', 'card8_img.png', 90.15, 'Known for her sculptural takes on traditional tailoring, Australian arbiter of cool Kym Ellery teams up with Moda Operandi.', 'Known for her sculptural takes on traditional tailoring, Australian arbiter of cool Kym Ellery teams up with Moda Operandi. Known for her sculptural takes on traditional tailoring, Australian arbiter of cool Kym Ellery teams up with Moda Operandi. Known for her sculptural takes on traditional tailoring, Australian arbiter of cool Kym Ellery teams up with Moda Operandi. Known for her sculptural takes on traditional tailoring, Australian arbiter of cool Kym Ellery teams up with Moda Operandi. Known for her sculptural takes on traditional tailoring, Australian arbiter of cool Kym Ellery teams up with Moda Operandi.'),
(65, 'ELLERY X MO CAPSULE06', 'card9_img.png', 37.87, 'Known for her sculptural takes on traditional tailoring, Australian arbiter of cool Kym Ellery teams up with Moda Operandi.', 'Known for her sculptural takes on traditional tailoring, Australian arbiter of cool Kym Ellery teams up with Moda Operandi. Known for her sculptural takes on traditional tailoring, Australian arbiter of cool Kym Ellery teams up with Moda Operandi. Known for her sculptural takes on traditional tailoring, Australian arbiter of cool Kym Ellery teams up with Moda Operandi. Known for her sculptural takes on traditional tailoring, Australian arbiter of cool Kym Ellery teams up with Moda Operandi. Known for her sculptural takes on traditional tailoring, Australian arbiter of cool Kym Ellery teams up with Moda Operandi.'),
(66, 'ELLERY X M\'O CAPSULE07', 'card10_img.png', 45.98, 'Known for her sculptural takes on traditional tailoring, Australian arbiter of cool Kym Ellery teams up with Moda Operandi.', 'Known for her sculptural takes on traditional tailoring, Australian arbiter of cool Kym Ellery teams up with Moda Operandi. Known for her sculptural takes on traditional tailoring, Australian arbiter of cool Kym Ellery teams up with Moda Operandi. Known for her sculptural takes on traditional tailoring, Australian arbiter of cool Kym Ellery teams up with Moda Operandi. Known for her sculptural takes on traditional tailoring, Australian arbiter of cool Kym Ellery teams up with Moda Operandi. Known for her sculptural takes on traditional tailoring, Australian arbiter of cool Kym Ellery teams up with Moda Operandi.'),
(67, 'ELLERY X M\'O CAPSULE08', 'card11_img.png', 78.65, 'Known for her sculptural takes on traditional tailoring, Australian arbiter of cool Kym Ellery teams up with Moda Operandi.', 'Known for her sculptural takes on traditional tailoring, Australian arbiter of cool Kym Ellery teams up with Moda Operandi. Known for her sculptural takes on traditional tailoring, Australian arbiter of cool Kym Ellery teams up with Moda Operandi. Known for her sculptural takes on traditional tailoring, Australian arbiter of cool Kym Ellery teams up with Moda Operandi. Known for her sculptural takes on traditional tailoring, Australian arbiter of cool Kym Ellery teams up with Moda Operandi. Known for her sculptural takes on traditional tailoring, Australian arbiter of cool Kym Ellery teams up with Moda Operandi.'),
(68, 'ELLERY X MO CAPSULE12', 'card2_img.png', 52.17, 'Known for her sculptural takes on traditional tailoring, Australian arbiter of cool Kym Ellery teams up with Moda Operandi.', 'Known for her sculptural takes on traditional tailoring, Australian arbiter of cool Kym Ellery teams up with Moda Operandi. Known for her sculptural takes on traditional tailoring, Australian arbiter of cool Kym Ellery teams up with Moda Operandi. Known for her sculptural takes on traditional tailoring, Australian arbiter of cool Kym Ellery teams up with Moda Operandi. Known for her sculptural takes on traditional tailoring, Australian arbiter of cool Kym Ellery teams up with Moda Operandi. Known for her sculptural takes on traditional tailoring, Australian arbiter of cool Kym Ellery teams up with Moda Operandi.'),
(69, 'ELLERY X MO CAPSULE01', 'card1_img.png', 57.18, 'Known for her sculptural takes on traditional tailoring, Australian arbiter of cool Kym Ellery teams up with Moda Operandi.', 'Known for her sculptural takes on traditional tailoring, Australian arbiter of cool Kym Ellery teams up with Moda Operandi. Known for her sculptural takes on traditional tailoring, Australian arbiter of cool Kym Ellery teams up with Moda Operandi. Known for her sculptural takes on traditional tailoring, Australian arbiter of cool Kym Ellery teams up with Moda Operandi. Known for her sculptural takes on traditional tailoring, Australian arbiter of cool Kym Ellery teams up with Moda Operandi. Known for her sculptural takes on traditional tailoring, Australian arbiter of cool Kym Ellery teams up with Moda Operandi.'),
(70, 'ELLERY X M\'O CAPSULE02', 'card7_img.png', 78.12, 'Known for her sculptural takes on traditional tailoring, Australian arbiter of cool Kym Ellery teams up with Moda Operandi.', 'Known for her sculptural takes on traditional tailoring, Australian arbiter of cool Kym Ellery teams up with Moda Operandi. Known for her sculptural takes on traditional tailoring, Australian arbiter of cool Kym Ellery teams up with Moda Operandi. Known for her sculptural takes on traditional tailoring, Australian arbiter of cool Kym Ellery teams up with Moda Operandi. Known for her sculptural takes on traditional tailoring, Australian arbiter of cool Kym Ellery teams up with Moda Operandi. Known for her sculptural takes on traditional tailoring, Australian arbiter of cool Kym Ellery teams up with Moda Operandi.'),
(71, 'ELLERY X M\'O CAPSULE03', 'card3_img.png', 78.37, 'Known for her sculptural takes on traditional tailoring, Australian arbiter of cool Kym Ellery teams up with Moda Operandi.', 'Known for her sculptural takes on traditional tailoring, Australian arbiter of cool Kym Ellery teams up with Moda Operandi. Known for her sculptural takes on traditional tailoring, Australian arbiter of cool Kym Ellery teams up with Moda Operandi. Known for her sculptural takes on traditional tailoring, Australian arbiter of cool Kym Ellery teams up with Moda Operandi. Known for her sculptural takes on traditional tailoring, Australian arbiter of cool Kym Ellery teams up with Moda Operandi. Known for her sculptural takes on traditional tailoring, Australian arbiter of cool Kym Ellery teams up with Moda Operandi.'),
(72, 'ELLERY X M\'O CAPSULE04', 'card4_img.png', 38.32, 'Known for her sculptural takes on traditional tailoring, Australian arbiter of cool Kym Ellery teams up with Moda Operandi.', 'Known for her sculptural takes on traditional tailoring, Australian arbiter of cool Kym Ellery teams up with Moda Operandi. Known for her sculptural takes on traditional tailoring, Australian arbiter of cool Kym Ellery teams up with Moda Operandi. Known for her sculptural takes on traditional tailoring, Australian arbiter of cool Kym Ellery teams up with Moda Operandi. Known for her sculptural takes on traditional tailoring, Australian arbiter of cool Kym Ellery teams up with Moda Operandi. Known for her sculptural takes on traditional tailoring, Australian arbiter of cool Kym Ellery teams up with Moda Operandi.'),
(73, 'ELLERY X M\'O CAPSULE05', 'card8_img.png', 90.15, 'Known for her sculptural takes on traditional tailoring, Australian arbiter of cool Kym Ellery teams up with Moda Operandi.', 'Known for her sculptural takes on traditional tailoring, Australian arbiter of cool Kym Ellery teams up with Moda Operandi. Known for her sculptural takes on traditional tailoring, Australian arbiter of cool Kym Ellery teams up with Moda Operandi. Known for her sculptural takes on traditional tailoring, Australian arbiter of cool Kym Ellery teams up with Moda Operandi. Known for her sculptural takes on traditional tailoring, Australian arbiter of cool Kym Ellery teams up with Moda Operandi. Known for her sculptural takes on traditional tailoring, Australian arbiter of cool Kym Ellery teams up with Moda Operandi.'),
(74, 'ELLERY X MO CAPSULE06', 'card9_img.png', 37.87, 'Known for her sculptural takes on traditional tailoring, Australian arbiter of cool Kym Ellery teams up with Moda Operandi.', 'Known for her sculptural takes on traditional tailoring, Australian arbiter of cool Kym Ellery teams up with Moda Operandi. Known for her sculptural takes on traditional tailoring, Australian arbiter of cool Kym Ellery teams up with Moda Operandi. Known for her sculptural takes on traditional tailoring, Australian arbiter of cool Kym Ellery teams up with Moda Operandi. Known for her sculptural takes on traditional tailoring, Australian arbiter of cool Kym Ellery teams up with Moda Operandi. Known for her sculptural takes on traditional tailoring, Australian arbiter of cool Kym Ellery teams up with Moda Operandi.'),
(75, 'ELLERY X M\'O CAPSULE07', 'card10_img.png', 45.98, 'Known for her sculptural takes on traditional tailoring, Australian arbiter of cool Kym Ellery teams up with Moda Operandi.', 'Known for her sculptural takes on traditional tailoring, Australian arbiter of cool Kym Ellery teams up with Moda Operandi. Known for her sculptural takes on traditional tailoring, Australian arbiter of cool Kym Ellery teams up with Moda Operandi. Known for her sculptural takes on traditional tailoring, Australian arbiter of cool Kym Ellery teams up with Moda Operandi. Known for her sculptural takes on traditional tailoring, Australian arbiter of cool Kym Ellery teams up with Moda Operandi. Known for her sculptural takes on traditional tailoring, Australian arbiter of cool Kym Ellery teams up with Moda Operandi.'),
(76, 'ELLERY X M\'O CAPSULE08', 'card11_img.png', 78.65, 'Known for her sculptural takes on traditional tailoring, Australian arbiter of cool Kym Ellery teams up with Moda Operandi.', 'Known for her sculptural takes on traditional tailoring, Australian arbiter of cool Kym Ellery teams up with Moda Operandi. Known for her sculptural takes on traditional tailoring, Australian arbiter of cool Kym Ellery teams up with Moda Operandi. Known for her sculptural takes on traditional tailoring, Australian arbiter of cool Kym Ellery teams up with Moda Operandi. Known for her sculptural takes on traditional tailoring, Australian arbiter of cool Kym Ellery teams up with Moda Operandi. Known for her sculptural takes on traditional tailoring, Australian arbiter of cool Kym Ellery teams up with Moda Operandi.'),
(77, 'ELLERY X MO CAPSULE12', 'card2_img.png', 52.17, 'Known for her sculptural takes on traditional tailoring, Australian arbiter of cool Kym Ellery teams up with Moda Operandi.', 'Known for her sculptural takes on traditional tailoring, Australian arbiter of cool Kym Ellery teams up with Moda Operandi. Known for her sculptural takes on traditional tailoring, Australian arbiter of cool Kym Ellery teams up with Moda Operandi. Known for her sculptural takes on traditional tailoring, Australian arbiter of cool Kym Ellery teams up with Moda Operandi. Known for her sculptural takes on traditional tailoring, Australian arbiter of cool Kym Ellery teams up with Moda Operandi. Known for her sculptural takes on traditional tailoring, Australian arbiter of cool Kym Ellery teams up with Moda Operandi.'),
(78, 'ELLERY X MO CAPSULE01', 'card1_img.png', 57.18, 'Known for her sculptural takes on traditional tailoring, Australian arbiter of cool Kym Ellery teams up with Moda Operandi.', 'Known for her sculptural takes on traditional tailoring, Australian arbiter of cool Kym Ellery teams up with Moda Operandi. Known for her sculptural takes on traditional tailoring, Australian arbiter of cool Kym Ellery teams up with Moda Operandi. Known for her sculptural takes on traditional tailoring, Australian arbiter of cool Kym Ellery teams up with Moda Operandi. Known for her sculptural takes on traditional tailoring, Australian arbiter of cool Kym Ellery teams up with Moda Operandi. Known for her sculptural takes on traditional tailoring, Australian arbiter of cool Kym Ellery teams up with Moda Operandi.'),
(79, 'ELLERY X M\'O CAPSULE02', 'card7_img.png', 78.12, 'Known for her sculptural takes on traditional tailoring, Australian arbiter of cool Kym Ellery teams up with Moda Operandi.', 'Known for her sculptural takes on traditional tailoring, Australian arbiter of cool Kym Ellery teams up with Moda Operandi. Known for her sculptural takes on traditional tailoring, Australian arbiter of cool Kym Ellery teams up with Moda Operandi. Known for her sculptural takes on traditional tailoring, Australian arbiter of cool Kym Ellery teams up with Moda Operandi. Known for her sculptural takes on traditional tailoring, Australian arbiter of cool Kym Ellery teams up with Moda Operandi. Known for her sculptural takes on traditional tailoring, Australian arbiter of cool Kym Ellery teams up with Moda Operandi.'),
(80, 'ELLERY X M\'O CAPSULE03', 'card3_img.png', 78.37, 'Known for her sculptural takes on traditional tailoring, Australian arbiter of cool Kym Ellery teams up with Moda Operandi.', 'Known for her sculptural takes on traditional tailoring, Australian arbiter of cool Kym Ellery teams up with Moda Operandi. Known for her sculptural takes on traditional tailoring, Australian arbiter of cool Kym Ellery teams up with Moda Operandi. Known for her sculptural takes on traditional tailoring, Australian arbiter of cool Kym Ellery teams up with Moda Operandi. Known for her sculptural takes on traditional tailoring, Australian arbiter of cool Kym Ellery teams up with Moda Operandi. Known for her sculptural takes on traditional tailoring, Australian arbiter of cool Kym Ellery teams up with Moda Operandi.'),
(81, 'ELLERY X M\'O CAPSULE04', 'card4_img.png', 38.32, 'Known for her sculptural takes on traditional tailoring, Australian arbiter of cool Kym Ellery teams up with Moda Operandi.', 'Known for her sculptural takes on traditional tailoring, Australian arbiter of cool Kym Ellery teams up with Moda Operandi. Known for her sculptural takes on traditional tailoring, Australian arbiter of cool Kym Ellery teams up with Moda Operandi. Known for her sculptural takes on traditional tailoring, Australian arbiter of cool Kym Ellery teams up with Moda Operandi. Known for her sculptural takes on traditional tailoring, Australian arbiter of cool Kym Ellery teams up with Moda Operandi. Known for her sculptural takes on traditional tailoring, Australian arbiter of cool Kym Ellery teams up with Moda Operandi.'),
(82, 'ELLERY X MO CAPSULE01', 'card1_img.png', 57.18, 'Known for her sculptural takes on traditional tailoring, Australian arbiter of cool Kym Ellery teams up with Moda Operandi.', 'Known for her sculptural takes on traditional tailoring, Australian arbiter of cool Kym Ellery teams up with Moda Operandi. Known for her sculptural takes on traditional tailoring, Australian arbiter of cool Kym Ellery teams up with Moda Operandi. Known for her sculptural takes on traditional tailoring, Australian arbiter of cool Kym Ellery teams up with Moda Operandi. Known for her sculptural takes on traditional tailoring, Australian arbiter of cool Kym Ellery teams up with Moda Operandi. Known for her sculptural takes on traditional tailoring, Australian arbiter of cool Kym Ellery teams up with Moda Operandi.'),
(83, 'ELLERY X M\'O CAPSULE02', 'card7_img.png', 78.12, 'Known for her sculptural takes on traditional tailoring, Australian arbiter of cool Kym Ellery teams up with Moda Operandi.', 'Known for her sculptural takes on traditional tailoring, Australian arbiter of cool Kym Ellery teams up with Moda Operandi. Known for her sculptural takes on traditional tailoring, Australian arbiter of cool Kym Ellery teams up with Moda Operandi. Known for her sculptural takes on traditional tailoring, Australian arbiter of cool Kym Ellery teams up with Moda Operandi. Known for her sculptural takes on traditional tailoring, Australian arbiter of cool Kym Ellery teams up with Moda Operandi. Known for her sculptural takes on traditional tailoring, Australian arbiter of cool Kym Ellery teams up with Moda Operandi.'),
(84, 'ELLERY X M\'O CAPSULE03', 'card3_img.png', 78.37, 'Known for her sculptural takes on traditional tailoring, Australian arbiter of cool Kym Ellery teams up with Moda Operandi.', 'Known for her sculptural takes on traditional tailoring, Australian arbiter of cool Kym Ellery teams up with Moda Operandi. Known for her sculptural takes on traditional tailoring, Australian arbiter of cool Kym Ellery teams up with Moda Operandi. Known for her sculptural takes on traditional tailoring, Australian arbiter of cool Kym Ellery teams up with Moda Operandi. Known for her sculptural takes on traditional tailoring, Australian arbiter of cool Kym Ellery teams up with Moda Operandi. Known for her sculptural takes on traditional tailoring, Australian arbiter of cool Kym Ellery teams up with Moda Operandi.'),
(85, 'ELLERY X M\'O CAPSULE04', 'card4_img.png', 38.32, 'Known for her sculptural takes on traditional tailoring, Australian arbiter of cool Kym Ellery teams up with Moda Operandi.', 'Known for her sculptural takes on traditional tailoring, Australian arbiter of cool Kym Ellery teams up with Moda Operandi. Known for her sculptural takes on traditional tailoring, Australian arbiter of cool Kym Ellery teams up with Moda Operandi. Known for her sculptural takes on traditional tailoring, Australian arbiter of cool Kym Ellery teams up with Moda Operandi. Known for her sculptural takes on traditional tailoring, Australian arbiter of cool Kym Ellery teams up with Moda Operandi. Known for her sculptural takes on traditional tailoring, Australian arbiter of cool Kym Ellery teams up with Moda Operandi.'),
(86, 'ELLERY X M\'O CAPSULE05', 'card8_img.png', 90.15, 'Known for her sculptural takes on traditional tailoring, Australian arbiter of cool Kym Ellery teams up with Moda Operandi.', 'Known for her sculptural takes on traditional tailoring, Australian arbiter of cool Kym Ellery teams up with Moda Operandi. Known for her sculptural takes on traditional tailoring, Australian arbiter of cool Kym Ellery teams up with Moda Operandi. Known for her sculptural takes on traditional tailoring, Australian arbiter of cool Kym Ellery teams up with Moda Operandi. Known for her sculptural takes on traditional tailoring, Australian arbiter of cool Kym Ellery teams up with Moda Operandi. Known for her sculptural takes on traditional tailoring, Australian arbiter of cool Kym Ellery teams up with Moda Operandi.'),
(87, 'ELLERY X MO CAPSULE06', 'card9_img.png', 37.87, 'Known for her sculptural takes on traditional tailoring, Australian arbiter of cool Kym Ellery teams up with Moda Operandi.', 'Known for her sculptural takes on traditional tailoring, Australian arbiter of cool Kym Ellery teams up with Moda Operandi. Known for her sculptural takes on traditional tailoring, Australian arbiter of cool Kym Ellery teams up with Moda Operandi. Known for her sculptural takes on traditional tailoring, Australian arbiter of cool Kym Ellery teams up with Moda Operandi. Known for her sculptural takes on traditional tailoring, Australian arbiter of cool Kym Ellery teams up with Moda Operandi. Known for her sculptural takes on traditional tailoring, Australian arbiter of cool Kym Ellery teams up with Moda Operandi.'),
(88, 'ELLERY X M\'O CAPSULE07', 'card10_img.png', 45.98, 'Known for her sculptural takes on traditional tailoring, Australian arbiter of cool Kym Ellery teams up with Moda Operandi.', 'Known for her sculptural takes on traditional tailoring, Australian arbiter of cool Kym Ellery teams up with Moda Operandi. Known for her sculptural takes on traditional tailoring, Australian arbiter of cool Kym Ellery teams up with Moda Operandi. Known for her sculptural takes on traditional tailoring, Australian arbiter of cool Kym Ellery teams up with Moda Operandi. Known for her sculptural takes on traditional tailoring, Australian arbiter of cool Kym Ellery teams up with Moda Operandi. Known for her sculptural takes on traditional tailoring, Australian arbiter of cool Kym Ellery teams up with Moda Operandi.'),
(89, 'ELLERY X M\'O CAPSULE08', 'card11_img.png', 78.65, 'Known for her sculptural takes on traditional tailoring, Australian arbiter of cool Kym Ellery teams up with Moda Operandi.', 'Known for her sculptural takes on traditional tailoring, Australian arbiter of cool Kym Ellery teams up with Moda Operandi. Known for her sculptural takes on traditional tailoring, Australian arbiter of cool Kym Ellery teams up with Moda Operandi. Known for her sculptural takes on traditional tailoring, Australian arbiter of cool Kym Ellery teams up with Moda Operandi. Known for her sculptural takes on traditional tailoring, Australian arbiter of cool Kym Ellery teams up with Moda Operandi. Known for her sculptural takes on traditional tailoring, Australian arbiter of cool Kym Ellery teams up with Moda Operandi.'),
(90, 'ELLERY X MO CAPSULE12', 'card2_img.png', 52.17, 'Known for her sculptural takes on traditional tailoring, Australian arbiter of cool Kym Ellery teams up with Moda Operandi.', 'Known for her sculptural takes on traditional tailoring, Australian arbiter of cool Kym Ellery teams up with Moda Operandi. Known for her sculptural takes on traditional tailoring, Australian arbiter of cool Kym Ellery teams up with Moda Operandi. Known for her sculptural takes on traditional tailoring, Australian arbiter of cool Kym Ellery teams up with Moda Operandi. Known for her sculptural takes on traditional tailoring, Australian arbiter of cool Kym Ellery teams up with Moda Operandi. Known for her sculptural takes on traditional tailoring, Australian arbiter of cool Kym Ellery teams up with Moda Operandi.'),
(91, 'ELLERY X MO CAPSULE01', 'card1_img.png', 57.18, 'Known for her sculptural takes on traditional tailoring, Australian arbiter of cool Kym Ellery teams up with Moda Operandi.', 'Known for her sculptural takes on traditional tailoring, Australian arbiter of cool Kym Ellery teams up with Moda Operandi. Known for her sculptural takes on traditional tailoring, Australian arbiter of cool Kym Ellery teams up with Moda Operandi. Known for her sculptural takes on traditional tailoring, Australian arbiter of cool Kym Ellery teams up with Moda Operandi. Known for her sculptural takes on traditional tailoring, Australian arbiter of cool Kym Ellery teams up with Moda Operandi. Known for her sculptural takes on traditional tailoring, Australian arbiter of cool Kym Ellery teams up with Moda Operandi.'),
(92, 'ELLERY X M\'O CAPSULE02', 'card7_img.png', 78.12, 'Known for her sculptural takes on traditional tailoring, Australian arbiter of cool Kym Ellery teams up with Moda Operandi.', 'Known for her sculptural takes on traditional tailoring, Australian arbiter of cool Kym Ellery teams up with Moda Operandi. Known for her sculptural takes on traditional tailoring, Australian arbiter of cool Kym Ellery teams up with Moda Operandi. Known for her sculptural takes on traditional tailoring, Australian arbiter of cool Kym Ellery teams up with Moda Operandi. Known for her sculptural takes on traditional tailoring, Australian arbiter of cool Kym Ellery teams up with Moda Operandi. Known for her sculptural takes on traditional tailoring, Australian arbiter of cool Kym Ellery teams up with Moda Operandi.'),
(93, 'ELLERY X M\'O CAPSULE03', 'card3_img.png', 78.37, 'Known for her sculptural takes on traditional tailoring, Australian arbiter of cool Kym Ellery teams up with Moda Operandi.', 'Known for her sculptural takes on traditional tailoring, Australian arbiter of cool Kym Ellery teams up with Moda Operandi. Known for her sculptural takes on traditional tailoring, Australian arbiter of cool Kym Ellery teams up with Moda Operandi. Known for her sculptural takes on traditional tailoring, Australian arbiter of cool Kym Ellery teams up with Moda Operandi. Known for her sculptural takes on traditional tailoring, Australian arbiter of cool Kym Ellery teams up with Moda Operandi. Known for her sculptural takes on traditional tailoring, Australian arbiter of cool Kym Ellery teams up with Moda Operandi.'),
(94, 'ELLERY X M\'O CAPSULE04', 'card4_img.png', 38.32, 'Known for her sculptural takes on traditional tailoring, Australian arbiter of cool Kym Ellery teams up with Moda Operandi.', 'Known for her sculptural takes on traditional tailoring, Australian arbiter of cool Kym Ellery teams up with Moda Operandi. Known for her sculptural takes on traditional tailoring, Australian arbiter of cool Kym Ellery teams up with Moda Operandi. Known for her sculptural takes on traditional tailoring, Australian arbiter of cool Kym Ellery teams up with Moda Operandi. Known for her sculptural takes on traditional tailoring, Australian arbiter of cool Kym Ellery teams up with Moda Operandi. Known for her sculptural takes on traditional tailoring, Australian arbiter of cool Kym Ellery teams up with Moda Operandi.'),
(95, 'ELLERY X M\'O CAPSULE05', 'card8_img.png', 90.15, 'Known for her sculptural takes on traditional tailoring, Australian arbiter of cool Kym Ellery teams up with Moda Operandi.', 'Known for her sculptural takes on traditional tailoring, Australian arbiter of cool Kym Ellery teams up with Moda Operandi. Known for her sculptural takes on traditional tailoring, Australian arbiter of cool Kym Ellery teams up with Moda Operandi. Known for her sculptural takes on traditional tailoring, Australian arbiter of cool Kym Ellery teams up with Moda Operandi. Known for her sculptural takes on traditional tailoring, Australian arbiter of cool Kym Ellery teams up with Moda Operandi. Known for her sculptural takes on traditional tailoring, Australian arbiter of cool Kym Ellery teams up with Moda Operandi.'),
(96, 'ELLERY X MO CAPSULE06', 'card9_img.png', 37.87, 'Known for her sculptural takes on traditional tailoring, Australian arbiter of cool Kym Ellery teams up with Moda Operandi.', 'Known for her sculptural takes on traditional tailoring, Australian arbiter of cool Kym Ellery teams up with Moda Operandi. Known for her sculptural takes on traditional tailoring, Australian arbiter of cool Kym Ellery teams up with Moda Operandi. Known for her sculptural takes on traditional tailoring, Australian arbiter of cool Kym Ellery teams up with Moda Operandi. Known for her sculptural takes on traditional tailoring, Australian arbiter of cool Kym Ellery teams up with Moda Operandi. Known for her sculptural takes on traditional tailoring, Australian arbiter of cool Kym Ellery teams up with Moda Operandi.'),
(97, 'ELLERY X M\'O CAPSULE07', 'card10_img.png', 45.98, 'Known for her sculptural takes on traditional tailoring, Australian arbiter of cool Kym Ellery teams up with Moda Operandi.', 'Known for her sculptural takes on traditional tailoring, Australian arbiter of cool Kym Ellery teams up with Moda Operandi. Known for her sculptural takes on traditional tailoring, Australian arbiter of cool Kym Ellery teams up with Moda Operandi. Known for her sculptural takes on traditional tailoring, Australian arbiter of cool Kym Ellery teams up with Moda Operandi. Known for her sculptural takes on traditional tailoring, Australian arbiter of cool Kym Ellery teams up with Moda Operandi. Known for her sculptural takes on traditional tailoring, Australian arbiter of cool Kym Ellery teams up with Moda Operandi.'),
(98, 'ELLERY X M\'O CAPSULE08', 'card11_img.png', 78.65, 'Known for her sculptural takes on traditional tailoring, Australian arbiter of cool Kym Ellery teams up with Moda Operandi.', 'Known for her sculptural takes on traditional tailoring, Australian arbiter of cool Kym Ellery teams up with Moda Operandi. Known for her sculptural takes on traditional tailoring, Australian arbiter of cool Kym Ellery teams up with Moda Operandi. Known for her sculptural takes on traditional tailoring, Australian arbiter of cool Kym Ellery teams up with Moda Operandi. Known for her sculptural takes on traditional tailoring, Australian arbiter of cool Kym Ellery teams up with Moda Operandi. Known for her sculptural takes on traditional tailoring, Australian arbiter of cool Kym Ellery teams up with Moda Operandi.'),
(99, 'ELLERY X MO CAPSULE12', 'card2_img.png', 52.17, 'Known for her sculptural takes on traditional tailoring, Australian arbiter of cool Kym Ellery teams up with Moda Operandi.', 'Known for her sculptural takes on traditional tailoring, Australian arbiter of cool Kym Ellery teams up with Moda Operandi. Known for her sculptural takes on traditional tailoring, Australian arbiter of cool Kym Ellery teams up with Moda Operandi. Known for her sculptural takes on traditional tailoring, Australian arbiter of cool Kym Ellery teams up with Moda Operandi. Known for her sculptural takes on traditional tailoring, Australian arbiter of cool Kym Ellery teams up with Moda Operandi. Known for her sculptural takes on traditional tailoring, Australian arbiter of cool Kym Ellery teams up with Moda Operandi.'),
(100, 'ELLERY X MO CAPSULE01', 'card1_img.png', 57.18, 'Known for her sculptural takes on traditional tailoring, Australian arbiter of cool Kym Ellery teams up with Moda Operandi.', 'Known for her sculptural takes on traditional tailoring, Australian arbiter of cool Kym Ellery teams up with Moda Operandi. Known for her sculptural takes on traditional tailoring, Australian arbiter of cool Kym Ellery teams up with Moda Operandi. Known for her sculptural takes on traditional tailoring, Australian arbiter of cool Kym Ellery teams up with Moda Operandi. Known for her sculptural takes on traditional tailoring, Australian arbiter of cool Kym Ellery teams up with Moda Operandi. Known for her sculptural takes on traditional tailoring, Australian arbiter of cool Kym Ellery teams up with Moda Operandi.'),
(101, 'ELLERY X M\'O CAPSULE02', 'card7_img.png', 78.12, 'Known for her sculptural takes on traditional tailoring, Australian arbiter of cool Kym Ellery teams up with Moda Operandi.', 'Known for her sculptural takes on traditional tailoring, Australian arbiter of cool Kym Ellery teams up with Moda Operandi. Known for her sculptural takes on traditional tailoring, Australian arbiter of cool Kym Ellery teams up with Moda Operandi. Known for her sculptural takes on traditional tailoring, Australian arbiter of cool Kym Ellery teams up with Moda Operandi. Known for her sculptural takes on traditional tailoring, Australian arbiter of cool Kym Ellery teams up with Moda Operandi. Known for her sculptural takes on traditional tailoring, Australian arbiter of cool Kym Ellery teams up with Moda Operandi.'),
(102, 'ELLERY X M\'O CAPSULE03', 'card3_img.png', 78.37, 'Known for her sculptural takes on traditional tailoring, Australian arbiter of cool Kym Ellery teams up with Moda Operandi.', 'Known for her sculptural takes on traditional tailoring, Australian arbiter of cool Kym Ellery teams up with Moda Operandi. Known for her sculptural takes on traditional tailoring, Australian arbiter of cool Kym Ellery teams up with Moda Operandi. Known for her sculptural takes on traditional tailoring, Australian arbiter of cool Kym Ellery teams up with Moda Operandi. Known for her sculptural takes on traditional tailoring, Australian arbiter of cool Kym Ellery teams up with Moda Operandi. Known for her sculptural takes on traditional tailoring, Australian arbiter of cool Kym Ellery teams up with Moda Operandi.'),
(103, 'ELLERY X M\'O CAPSULE04', 'card4_img.png', 38.32, 'Known for her sculptural takes on traditional tailoring, Australian arbiter of cool Kym Ellery teams up with Moda Operandi.', 'Known for her sculptural takes on traditional tailoring, Australian arbiter of cool Kym Ellery teams up with Moda Operandi. Known for her sculptural takes on traditional tailoring, Australian arbiter of cool Kym Ellery teams up with Moda Operandi. Known for her sculptural takes on traditional tailoring, Australian arbiter of cool Kym Ellery teams up with Moda Operandi. Known for her sculptural takes on traditional tailoring, Australian arbiter of cool Kym Ellery teams up with Moda Operandi. Known for her sculptural takes on traditional tailoring, Australian arbiter of cool Kym Ellery teams up with Moda Operandi.'),
(104, 'ELLERY X MO CAPSULE01', 'card1_img.png', 57.18, 'Known for her sculptural takes on traditional tailoring, Australian arbiter of cool Kym Ellery teams up with Moda Operandi.', 'Known for her sculptural takes on traditional tailoring, Australian arbiter of cool Kym Ellery teams up with Moda Operandi. Known for her sculptural takes on traditional tailoring, Australian arbiter of cool Kym Ellery teams up with Moda Operandi. Known for her sculptural takes on traditional tailoring, Australian arbiter of cool Kym Ellery teams up with Moda Operandi. Known for her sculptural takes on traditional tailoring, Australian arbiter of cool Kym Ellery teams up with Moda Operandi. Known for her sculptural takes on traditional tailoring, Australian arbiter of cool Kym Ellery teams up with Moda Operandi.'),
(105, 'ELLERY X M\'O CAPSULE02', 'card7_img.png', 78.12, 'Known for her sculptural takes on traditional tailoring, Australian arbiter of cool Kym Ellery teams up with Moda Operandi.', 'Known for her sculptural takes on traditional tailoring, Australian arbiter of cool Kym Ellery teams up with Moda Operandi. Known for her sculptural takes on traditional tailoring, Australian arbiter of cool Kym Ellery teams up with Moda Operandi. Known for her sculptural takes on traditional tailoring, Australian arbiter of cool Kym Ellery teams up with Moda Operandi. Known for her sculptural takes on traditional tailoring, Australian arbiter of cool Kym Ellery teams up with Moda Operandi. Known for her sculptural takes on traditional tailoring, Australian arbiter of cool Kym Ellery teams up with Moda Operandi.'),
(106, 'ELLERY X M\'O CAPSULE03', 'card3_img.png', 78.37, 'Known for her sculptural takes on traditional tailoring, Australian arbiter of cool Kym Ellery teams up with Moda Operandi.', 'Known for her sculptural takes on traditional tailoring, Australian arbiter of cool Kym Ellery teams up with Moda Operandi. Known for her sculptural takes on traditional tailoring, Australian arbiter of cool Kym Ellery teams up with Moda Operandi. Known for her sculptural takes on traditional tailoring, Australian arbiter of cool Kym Ellery teams up with Moda Operandi. Known for her sculptural takes on traditional tailoring, Australian arbiter of cool Kym Ellery teams up with Moda Operandi. Known for her sculptural takes on traditional tailoring, Australian arbiter of cool Kym Ellery teams up with Moda Operandi.'),
(107, 'ELLERY X M\'O CAPSULE04', 'card4_img.png', 38.32, 'Known for her sculptural takes on traditional tailoring, Australian arbiter of cool Kym Ellery teams up with Moda Operandi.', 'Known for her sculptural takes on traditional tailoring, Australian arbiter of cool Kym Ellery teams up with Moda Operandi. Known for her sculptural takes on traditional tailoring, Australian arbiter of cool Kym Ellery teams up with Moda Operandi. Known for her sculptural takes on traditional tailoring, Australian arbiter of cool Kym Ellery teams up with Moda Operandi. Known for her sculptural takes on traditional tailoring, Australian arbiter of cool Kym Ellery teams up with Moda Operandi. Known for her sculptural takes on traditional tailoring, Australian arbiter of cool Kym Ellery teams up with Moda Operandi.'),
(108, 'ELLERY X M\'O CAPSULE05', 'card8_img.png', 90.15, 'Known for her sculptural takes on traditional tailoring, Australian arbiter of cool Kym Ellery teams up with Moda Operandi.', 'Known for her sculptural takes on traditional tailoring, Australian arbiter of cool Kym Ellery teams up with Moda Operandi. Known for her sculptural takes on traditional tailoring, Australian arbiter of cool Kym Ellery teams up with Moda Operandi. Known for her sculptural takes on traditional tailoring, Australian arbiter of cool Kym Ellery teams up with Moda Operandi. Known for her sculptural takes on traditional tailoring, Australian arbiter of cool Kym Ellery teams up with Moda Operandi. Known for her sculptural takes on traditional tailoring, Australian arbiter of cool Kym Ellery teams up with Moda Operandi.'),
(109, 'ELLERY X MO CAPSULE06', 'card9_img.png', 37.87, 'Known for her sculptural takes on traditional tailoring, Australian arbiter of cool Kym Ellery teams up with Moda Operandi.', 'Known for her sculptural takes on traditional tailoring, Australian arbiter of cool Kym Ellery teams up with Moda Operandi. Known for her sculptural takes on traditional tailoring, Australian arbiter of cool Kym Ellery teams up with Moda Operandi. Known for her sculptural takes on traditional tailoring, Australian arbiter of cool Kym Ellery teams up with Moda Operandi. Known for her sculptural takes on traditional tailoring, Australian arbiter of cool Kym Ellery teams up with Moda Operandi. Known for her sculptural takes on traditional tailoring, Australian arbiter of cool Kym Ellery teams up with Moda Operandi.'),
(110, 'ELLERY X M\'O CAPSULE07', 'card10_img.png', 45.98, 'Known for her sculptural takes on traditional tailoring, Australian arbiter of cool Kym Ellery teams up with Moda Operandi.', 'Known for her sculptural takes on traditional tailoring, Australian arbiter of cool Kym Ellery teams up with Moda Operandi. Known for her sculptural takes on traditional tailoring, Australian arbiter of cool Kym Ellery teams up with Moda Operandi. Known for her sculptural takes on traditional tailoring, Australian arbiter of cool Kym Ellery teams up with Moda Operandi. Known for her sculptural takes on traditional tailoring, Australian arbiter of cool Kym Ellery teams up with Moda Operandi. Known for her sculptural takes on traditional tailoring, Australian arbiter of cool Kym Ellery teams up with Moda Operandi.'),
(111, 'ELLERY X M\'O CAPSULE08', 'card11_img.png', 78.65, 'Known for her sculptural takes on traditional tailoring, Australian arbiter of cool Kym Ellery teams up with Moda Operandi.', 'Known for her sculptural takes on traditional tailoring, Australian arbiter of cool Kym Ellery teams up with Moda Operandi. Known for her sculptural takes on traditional tailoring, Australian arbiter of cool Kym Ellery teams up with Moda Operandi. Known for her sculptural takes on traditional tailoring, Australian arbiter of cool Kym Ellery teams up with Moda Operandi. Known for her sculptural takes on traditional tailoring, Australian arbiter of cool Kym Ellery teams up with Moda Operandi. Known for her sculptural takes on traditional tailoring, Australian arbiter of cool Kym Ellery teams up with Moda Operandi.'),
(112, 'ELLERY X MO CAPSULE12', 'card2_img.png', 52.17, 'Known for her sculptural takes on traditional tailoring, Australian arbiter of cool Kym Ellery teams up with Moda Operandi.', 'Known for her sculptural takes on traditional tailoring, Australian arbiter of cool Kym Ellery teams up with Moda Operandi. Known for her sculptural takes on traditional tailoring, Australian arbiter of cool Kym Ellery teams up with Moda Operandi. Known for her sculptural takes on traditional tailoring, Australian arbiter of cool Kym Ellery teams up with Moda Operandi. Known for her sculptural takes on traditional tailoring, Australian arbiter of cool Kym Ellery teams up with Moda Operandi. Known for her sculptural takes on traditional tailoring, Australian arbiter of cool Kym Ellery teams up with Moda Operandi.'),
(113, 'ELLERY X MO CAPSULE01', 'card1_img.png', 57.18, 'Known for her sculptural takes on traditional tailoring, Australian arbiter of cool Kym Ellery teams up with Moda Operandi.', 'Known for her sculptural takes on traditional tailoring, Australian arbiter of cool Kym Ellery teams up with Moda Operandi. Known for her sculptural takes on traditional tailoring, Australian arbiter of cool Kym Ellery teams up with Moda Operandi. Known for her sculptural takes on traditional tailoring, Australian arbiter of cool Kym Ellery teams up with Moda Operandi. Known for her sculptural takes on traditional tailoring, Australian arbiter of cool Kym Ellery teams up with Moda Operandi. Known for her sculptural takes on traditional tailoring, Australian arbiter of cool Kym Ellery teams up with Moda Operandi.'),
(114, 'ELLERY X M\'O CAPSULE02', 'card7_img.png', 78.12, 'Known for her sculptural takes on traditional tailoring, Australian arbiter of cool Kym Ellery teams up with Moda Operandi.', 'Known for her sculptural takes on traditional tailoring, Australian arbiter of cool Kym Ellery teams up with Moda Operandi. Known for her sculptural takes on traditional tailoring, Australian arbiter of cool Kym Ellery teams up with Moda Operandi. Known for her sculptural takes on traditional tailoring, Australian arbiter of cool Kym Ellery teams up with Moda Operandi. Known for her sculptural takes on traditional tailoring, Australian arbiter of cool Kym Ellery teams up with Moda Operandi. Known for her sculptural takes on traditional tailoring, Australian arbiter of cool Kym Ellery teams up with Moda Operandi.'),
(115, 'ELLERY X M\'O CAPSULE03', 'card3_img.png', 78.37, 'Known for her sculptural takes on traditional tailoring, Australian arbiter of cool Kym Ellery teams up with Moda Operandi.', 'Known for her sculptural takes on traditional tailoring, Australian arbiter of cool Kym Ellery teams up with Moda Operandi. Known for her sculptural takes on traditional tailoring, Australian arbiter of cool Kym Ellery teams up with Moda Operandi. Known for her sculptural takes on traditional tailoring, Australian arbiter of cool Kym Ellery teams up with Moda Operandi. Known for her sculptural takes on traditional tailoring, Australian arbiter of cool Kym Ellery teams up with Moda Operandi. Known for her sculptural takes on traditional tailoring, Australian arbiter of cool Kym Ellery teams up with Moda Operandi.'),
(116, 'ELLERY X M\'O CAPSULE04', 'card4_img.png', 38.32, 'Known for her sculptural takes on traditional tailoring, Australian arbiter of cool Kym Ellery teams up with Moda Operandi.', 'Known for her sculptural takes on traditional tailoring, Australian arbiter of cool Kym Ellery teams up with Moda Operandi. Known for her sculptural takes on traditional tailoring, Australian arbiter of cool Kym Ellery teams up with Moda Operandi. Known for her sculptural takes on traditional tailoring, Australian arbiter of cool Kym Ellery teams up with Moda Operandi. Known for her sculptural takes on traditional tailoring, Australian arbiter of cool Kym Ellery teams up with Moda Operandi. Known for her sculptural takes on traditional tailoring, Australian arbiter of cool Kym Ellery teams up with Moda Operandi.'),
(117, 'ELLERY X M\'O CAPSULE05', 'card8_img.png', 90.15, 'Known for her sculptural takes on traditional tailoring, Australian arbiter of cool Kym Ellery teams up with Moda Operandi.', 'Known for her sculptural takes on traditional tailoring, Australian arbiter of cool Kym Ellery teams up with Moda Operandi. Known for her sculptural takes on traditional tailoring, Australian arbiter of cool Kym Ellery teams up with Moda Operandi. Known for her sculptural takes on traditional tailoring, Australian arbiter of cool Kym Ellery teams up with Moda Operandi. Known for her sculptural takes on traditional tailoring, Australian arbiter of cool Kym Ellery teams up with Moda Operandi. Known for her sculptural takes on traditional tailoring, Australian arbiter of cool Kym Ellery teams up with Moda Operandi.'),
(118, 'ELLERY X MO CAPSULE06', 'card9_img.png', 37.87, 'Known for her sculptural takes on traditional tailoring, Australian arbiter of cool Kym Ellery teams up with Moda Operandi.', 'Known for her sculptural takes on traditional tailoring, Australian arbiter of cool Kym Ellery teams up with Moda Operandi. Known for her sculptural takes on traditional tailoring, Australian arbiter of cool Kym Ellery teams up with Moda Operandi. Known for her sculptural takes on traditional tailoring, Australian arbiter of cool Kym Ellery teams up with Moda Operandi. Known for her sculptural takes on traditional tailoring, Australian arbiter of cool Kym Ellery teams up with Moda Operandi. Known for her sculptural takes on traditional tailoring, Australian arbiter of cool Kym Ellery teams up with Moda Operandi.'),
(119, 'ELLERY X M\'O CAPSULE07', 'card10_img.png', 45.98, 'Known for her sculptural takes on traditional tailoring, Australian arbiter of cool Kym Ellery teams up with Moda Operandi.', 'Known for her sculptural takes on traditional tailoring, Australian arbiter of cool Kym Ellery teams up with Moda Operandi. Known for her sculptural takes on traditional tailoring, Australian arbiter of cool Kym Ellery teams up with Moda Operandi. Known for her sculptural takes on traditional tailoring, Australian arbiter of cool Kym Ellery teams up with Moda Operandi. Known for her sculptural takes on traditional tailoring, Australian arbiter of cool Kym Ellery teams up with Moda Operandi. Known for her sculptural takes on traditional tailoring, Australian arbiter of cool Kym Ellery teams up with Moda Operandi.'),
(120, 'ELLERY X M\'O CAPSULE08', 'card11_img.png', 78.65, 'Known for her sculptural takes on traditional tailoring, Australian arbiter of cool Kym Ellery teams up with Moda Operandi.', 'Known for her sculptural takes on traditional tailoring, Australian arbiter of cool Kym Ellery teams up with Moda Operandi. Known for her sculptural takes on traditional tailoring, Australian arbiter of cool Kym Ellery teams up with Moda Operandi. Known for her sculptural takes on traditional tailoring, Australian arbiter of cool Kym Ellery teams up with Moda Operandi. Known for her sculptural takes on traditional tailoring, Australian arbiter of cool Kym Ellery teams up with Moda Operandi. Known for her sculptural takes on traditional tailoring, Australian arbiter of cool Kym Ellery teams up with Moda Operandi.'),
(121, 'ELLERY X MO CAPSULE12', 'card2_img.png', 52.17, 'Known for her sculptural takes on traditional tailoring, Australian arbiter of cool Kym Ellery teams up with Moda Operandi.', 'Known for her sculptural takes on traditional tailoring, Australian arbiter of cool Kym Ellery teams up with Moda Operandi. Known for her sculptural takes on traditional tailoring, Australian arbiter of cool Kym Ellery teams up with Moda Operandi. Known for her sculptural takes on traditional tailoring, Australian arbiter of cool Kym Ellery teams up with Moda Operandi. Known for her sculptural takes on traditional tailoring, Australian arbiter of cool Kym Ellery teams up with Moda Operandi. Known for her sculptural takes on traditional tailoring, Australian arbiter of cool Kym Ellery teams up with Moda Operandi.'),
(122, 'ELLERY X MO CAPSULE01', 'card1_img.png', 57.18, 'Known for her sculptural takes on traditional tailoring, Australian arbiter of cool Kym Ellery teams up with Moda Operandi.', 'Known for her sculptural takes on traditional tailoring, Australian arbiter of cool Kym Ellery teams up with Moda Operandi. Known for her sculptural takes on traditional tailoring, Australian arbiter of cool Kym Ellery teams up with Moda Operandi. Known for her sculptural takes on traditional tailoring, Australian arbiter of cool Kym Ellery teams up with Moda Operandi. Known for her sculptural takes on traditional tailoring, Australian arbiter of cool Kym Ellery teams up with Moda Operandi. Known for her sculptural takes on traditional tailoring, Australian arbiter of cool Kym Ellery teams up with Moda Operandi.'),
(123, 'ELLERY X M\'O CAPSULE02', 'card7_img.png', 78.12, 'Known for her sculptural takes on traditional tailoring, Australian arbiter of cool Kym Ellery teams up with Moda Operandi.', 'Known for her sculptural takes on traditional tailoring, Australian arbiter of cool Kym Ellery teams up with Moda Operandi. Known for her sculptural takes on traditional tailoring, Australian arbiter of cool Kym Ellery teams up with Moda Operandi. Known for her sculptural takes on traditional tailoring, Australian arbiter of cool Kym Ellery teams up with Moda Operandi. Known for her sculptural takes on traditional tailoring, Australian arbiter of cool Kym Ellery teams up with Moda Operandi. Known for her sculptural takes on traditional tailoring, Australian arbiter of cool Kym Ellery teams up with Moda Operandi.'),
(124, 'ELLERY X M\'O CAPSULE03', 'card3_img.png', 78.37, 'Known for her sculptural takes on traditional tailoring, Australian arbiter of cool Kym Ellery teams up with Moda Operandi.', 'Known for her sculptural takes on traditional tailoring, Australian arbiter of cool Kym Ellery teams up with Moda Operandi. Known for her sculptural takes on traditional tailoring, Australian arbiter of cool Kym Ellery teams up with Moda Operandi. Known for her sculptural takes on traditional tailoring, Australian arbiter of cool Kym Ellery teams up with Moda Operandi. Known for her sculptural takes on traditional tailoring, Australian arbiter of cool Kym Ellery teams up with Moda Operandi. Known for her sculptural takes on traditional tailoring, Australian arbiter of cool Kym Ellery teams up with Moda Operandi.'),
(125, 'ELLERY X M\'O CAPSULE04', 'card4_img.png', 38.32, 'Known for her sculptural takes on traditional tailoring, Australian arbiter of cool Kym Ellery teams up with Moda Operandi.', 'Known for her sculptural takes on traditional tailoring, Australian arbiter of cool Kym Ellery teams up with Moda Operandi. Known for her sculptural takes on traditional tailoring, Australian arbiter of cool Kym Ellery teams up with Moda Operandi. Known for her sculptural takes on traditional tailoring, Australian arbiter of cool Kym Ellery teams up with Moda Operandi. Known for her sculptural takes on traditional tailoring, Australian arbiter of cool Kym Ellery teams up with Moda Operandi. Known for her sculptural takes on traditional tailoring, Australian arbiter of cool Kym Ellery teams up with Moda Operandi.');

-- --------------------------------------------------------

--
-- Table structure for table `orders`
--

CREATE TABLE `orders` (
  `id` int(10) NOT NULL,
  `user_id` int(10) DEFAULT NULL,
  `status_id` int(10) DEFAULT NULL,
  `date` varchar(20) DEFAULT NULL
) ENGINE=InnoDB DEFAULT CHARSET=utf8;

--
-- Dumping data for table `orders`
--

INSERT INTO `orders` (`id`, `user_id`, `status_id`, `date`) VALUES
(11, 4, 3, '17.02.2022 15:11:31'),
(12, 1, 3, '18.02.2022 20:42:56'),
(13, 4, 2, '18.02.2022 20:39:41'),
(14, 5, 3, '18.02.2022 20:40:46'),
(15, 6, 2, '18.02.2022 20:41:40'),
(16, 8, 3, '18.02.2022 20:42:22'),
(17, 4, 3, '28.02.2022 21:18:02'),
(18, 6, 2, '28.02.2022 21:18:34'),
(19, 5, 2, '28.02.2022 21:19:04'),
(20, 4, 2, '28.02.2022 22:07:30'),
(21, 1, 2, '28.02.2022 22:09:28'),
(22, 4, 2, '28.02.2022 22:17:16'),
(23, 4, 2, '28.02.2022 23:14:55'),
(24, 4, 2, '28.02.2022 23:25:02'),
(25, 4, 2, '28.02.2022 23:25:32');

-- --------------------------------------------------------

--
-- Table structure for table `reviews`
--

CREATE TABLE `reviews` (
  `id` int(10) NOT NULL,
  `name` varchar(30) NOT NULL,
  `message` text NOT NULL,
  `date` timestamp(6) NOT NULL DEFAULT CURRENT_TIMESTAMP(6)
) ENGINE=InnoDB DEFAULT CHARSET=utf8;

--
-- Dumping data for table `reviews`
--

INSERT INTO `reviews` (`id`, `name`, `message`, `date`) VALUES
(1, 'ALex Morgan', 'Lorem ipsum dolor sit, amet consectetur adipisicing elit.', '2021-12-30 10:25:04.000000'),
(4, 'Gregory Roberto', 'Lorem ipsum dolor sit amet consectetur adipisicing elit. Provident quam, qui in fugiat deserunt laudantium.', '2021-12-30 10:53:10.000000'),
(5, 'John Smitt', 'Provident quam. Lorem ipsum dolor sit amet consectetur adipisicing elit.', '2021-12-30 11:24:10.000000'),
(6, 'Vasili Pupkin', 'Provident quam, qui in fugiat deserunt laudantium. Lorem ipsum dolor sit amet consectetur adipisicing elit.', '2021-12-30 12:02:57.000000'),
(7, 'Erika Lowrents', 'Provident dolor sit amet consectetur adipisicing elit dolor sit amet consectetur adipisicing elit quam.', '2021-12-31 14:10:08.669971');

-- --------------------------------------------------------

--
-- Table structure for table `statuses`
--

CREATE TABLE `statuses` (
  `id` int(10) NOT NULL,
  `name` varchar(20) DEFAULT NULL
) ENGINE=InnoDB DEFAULT CHARSET=utf8;

--
-- Dumping data for table `statuses`
--

INSERT INTO `statuses` (`id`, `name`) VALUES
(1, 'in_cart'),
(2, 'new'),
(3, 'completed');

-- --------------------------------------------------------

--
-- Table structure for table `users`
--

CREATE TABLE `users` (
  `id` int(11) NOT NULL,
  `first_name` varchar(20) DEFAULT NULL,
  `last_name` varchar(20) DEFAULT NULL,
  `gender` varchar(10) DEFAULT 'male',
  `email` varchar(20) DEFAULT NULL,
  `pass` varchar(100) DEFAULT NULL,
  `type` varchar(10) NOT NULL DEFAULT 'user'
) ENGINE=InnoDB DEFAULT CHARSET=utf8;

--
-- Dumping data for table `users`
--

INSERT INTO `users` (`id`, `first_name`, `last_name`, `gender`, `email`, `pass`, `type`) VALUES
(1, 'Alex', 'Veldin', 'Male', 'veldinag@yandex.ru', 'e304a9396450eb756a4da1ff2431e851827ccb0eea8a706c4c34a16891f84e7b', 'admin'),
(4, 'Ivan', 'Dorn', 'Male', 'dorn@ya.ru', '508872307ab19abe9193845c56280c63827ccb0eea8a706c4c34a16891f84e7b', 'user'),
(5, 'Eva', 'Pride', 'Female', 'evapride@gmail.com', '066247ba93e75706442846de520e70d2827ccb0eea8a706c4c34a16891f84e7b', 'user'),
(6, 'Elena', 'Fedorova', 'Female', 'el@ya.ru', '728f7aec1f5c26ee1f7b194518f50a88827ccb0eea8a706c4c34a16891f84e7b', 'user'),
(7, 'Alex', 'Soldoff', 'Male', 'veldinag@yandex.ru', 'e304a9396450eb756a4da1ff2431e851827ccb0eea8a706c4c34a16891f84e7b', 'user'),
(8, 'Nadya', 'Irvin', 'Female', 'irvin@bk.ru', '6374827d51c389e2b98f3f82bc0e95c5827ccb0eea8a706c4c34a16891f84e7b', 'user'),
(9, 'Igro', 'Fidko', 'Male', 'irvin@bk1.ru', '1a26c4bd9dec2a1b53e1b7e31e96e8e6827ccb0eea8a706c4c34a16891f84e7b', 'user'),
(10, 'Niko', 'Ale', 'Male', 'kif@df.com', '7f534f1f4b9c4ce5710162d1e9f55058827ccb0eea8a706c4c34a16891f84e7b', 'user'),
(11, 'Sergey', 'Fedorov', 'Male', 'sergey@bk.ru', 'ef7479e11dbe048d7f32555839cd015e827ccb0eea8a706c4c34a16891f84e7b', 'user'),
(12, 'Victor', 'But', 'Male', 'but@mail.ru', '02c27b7bac43e8209f4356e1d7f032b1827ccb0eea8a706c4c34a16891f84e7b', 'user');

--
-- Indexes for dumped tables
--

--
-- Indexes for table `cart`
--
ALTER TABLE `cart`
  ADD PRIMARY KEY (`id`),
  ADD KEY `oreder_id` (`order_id`);

--
-- Indexes for table `goods`
--
ALTER TABLE `goods`
  ADD PRIMARY KEY (`id`);

--
-- Indexes for table `orders`
--
ALTER TABLE `orders`
  ADD PRIMARY KEY (`id`);

--
-- Indexes for table `reviews`
--
ALTER TABLE `reviews`
  ADD PRIMARY KEY (`id`);

--
-- Indexes for table `statuses`
--
ALTER TABLE `statuses`
  ADD PRIMARY KEY (`id`);

--
-- Indexes for table `users`
--
ALTER TABLE `users`
  ADD PRIMARY KEY (`id`);

--
-- AUTO_INCREMENT for dumped tables
--

--
-- AUTO_INCREMENT for table `cart`
--
ALTER TABLE `cart`
  MODIFY `id` int(10) NOT NULL AUTO_INCREMENT, AUTO_INCREMENT=75;

--
-- AUTO_INCREMENT for table `goods`
--
ALTER TABLE `goods`
  MODIFY `id` int(10) NOT NULL AUTO_INCREMENT, AUTO_INCREMENT=126;

--
-- AUTO_INCREMENT for table `orders`
--
ALTER TABLE `orders`
  MODIFY `id` int(10) NOT NULL AUTO_INCREMENT, AUTO_INCREMENT=26;

--
-- AUTO_INCREMENT for table `reviews`
--
ALTER TABLE `reviews`
  MODIFY `id` int(10) NOT NULL AUTO_INCREMENT, AUTO_INCREMENT=8;

--
-- AUTO_INCREMENT for table `statuses`
--
ALTER TABLE `statuses`
  MODIFY `id` int(10) NOT NULL AUTO_INCREMENT, AUTO_INCREMENT=4;

--
-- AUTO_INCREMENT for table `users`
--
ALTER TABLE `users`
  MODIFY `id` int(11) NOT NULL AUTO_INCREMENT, AUTO_INCREMENT=13;

--
-- Constraints for dumped tables
--

--
-- Constraints for table `cart`
--
ALTER TABLE `cart`
  ADD CONSTRAINT `oreder_id` FOREIGN KEY (`order_id`) REFERENCES `orders` (`id`) ON DELETE CASCADE ON UPDATE CASCADE;
COMMIT;

/*!40101 SET CHARACTER_SET_CLIENT=@OLD_CHARACTER_SET_CLIENT */;
/*!40101 SET CHARACTER_SET_RESULTS=@OLD_CHARACTER_SET_RESULTS */;
/*!40101 SET COLLATION_CONNECTION=@OLD_COLLATION_CONNECTION */;
